"","waldStat","df","pvalue","logFC1_2","logFC1_3","logFC1_4","logFC1_5","logFC2_3","logFC2_4","logFC2_5","logFC3_4","logFC3_5","logFC4_5","feature_id"
"Cst3",1222.04514384566,4,0,2.1544258342083,1.0975908390784,2.06284476270889,-1.63830578464551,-1.05683499512991,-0.0915810714994171,-3.79273161885381,0.965253923630489,-2.7358966237239,-3.70115054735439,"Cst3"
"Car2",1056.01407565233,4,0,-2.56167082321236,0.644234606611302,-2.42235151601118,2.97761403933586,3.20590542982366,0.139319307201182,5.53928486254822,-3.06658612262248,2.33337943272456,5.39996555534704,"Car2"
"Psap",753.68744441448,4,0,1.33089386420665,1.0738103504043,1.56325076964976,-2.29510083186645,-0.257083513802347,0.23235690544311,-3.62599469607309,0.489440419245457,-3.36891118227074,-3.8583516015162,"Psap"
"Coro1a",744.186552536784,4,0,2.81941513665162,0.114535227193442,2.7975740990281,-1.00641303802608,-2.70487990945817,-0.0218410376235159,-3.8258281746777,2.68303887183466,-1.12094826521952,-3.80398713705418,"Coro1a"
"Ncl",702.26431715361,4,0,-1.99418352636424,-0.866028313864413,-1.95920359598676,-0.0671168323344459,1.12815521249982,0.0349799303774778,1.92706669402979,-1.09317528212235,0.798911481529967,1.89208676365231,"Ncl"
"Cd52",679.441078119145,4,0,3.36205669650197,3.71408092128079,3.85097953988124,-0.916650435315629,0.352024224778825,0.488922843379272,-4.2787071318176,0.136898618600448,-4.63073135659642,-4.76762997519687,"Cd52"
"Vim",631.268718894345,4,0,3.36109766637596,3.10936811900943,2.87671407130091,-1.42011872203122,-0.25172954736653,-0.484383595075052,-4.78121638840717,-0.232654047708522,-4.52948684104064,-4.29683279333212,"Vim"
"Nrgn",587.018859931013,4,0,2.25019522436605,-2.16565177725755,2.30682913866524,3.52843270056753,-4.4158470016236,0.0566339142991976,1.27823747620149,4.47248091592279,5.69408447782508,1.22160356190229,"Nrgn"
"Crip1",573.769465677547,4,0,1.89363538667158,0.0751294740506199,1.65085288334466,-1.4427476016428,-1.81850591262096,-0.242782503326918,-3.33638298831438,1.57572340929404,-1.51787707569342,-3.09360048498746,"Crip1"
"H2-Ab1",565.880179620476,4,0,4.4641069844536,3.56981847080202,4.81527535308122,-1.13516817464039,-0.894288513651585,0.351168368627616,-5.59927515909399,1.2454568822792,-4.70498664544241,-5.95044352772161,"H2-Ab1"
"Pf4",550.516534761223,4,0,-2.29975334878538,-9.08931864140076,-1.60810743337881,0.204149509426013,-6.78956529261538,0.691645915406567,2.50390285821139,7.48121120802195,9.29346815082677,1.81225694280482,"Pf4"
"Car1",535.396857818671,4,0,-2.80450318535853,2.61249216356028,-2.72906045928389,2.49824790412221,5.4169953489188,0.075442726074638,5.30275108948074,-5.34155262284417,-0.114244259438065,5.2273083634061,"Car1"
"Csda",495.756299386923,4,0,-2.38340938672883,-2.27084121228554,-2.33717789983668,-0.390556336430095,0.112568174443289,0.0462314868921504,1.99285305029873,-0.0663366875511381,1.88028487585544,1.94662156340658,"Csda"
"Tmsb4x",475.737352470219,4,0,3.93214842947038,4.31041865309976,3.1365431025329,-2.92989056308022,0.378270223629383,-0.795605326937479,-6.8620389925506,-1.17387555056686,-7.24030921617998,-6.06643366561312,"Tmsb4x"
"Gm2a",465.106975971343,4,0,1.86200611160304,1.9079336506839,2.15011570045774,-2.16411702427735,0.0459275390808593,0.2881095888547,-4.02612313588039,0.242182049773841,-4.07205067496125,-4.31423272473509,"Gm2a"
"Atpif1",448.280829379104,4,0,-2.14019923611385,-2.16435866288295,-2.18194240840014,-0.815931249926233,-0.0241594267690974,-0.0417431722862877,1.32426798618761,-0.0175837455171903,1.34842741295671,1.3660111584739,"Atpif1"
"Anxa2",446.401580334431,4,0,3.61085586762397,2.97245067860289,4.05778020668309,-0.79988566779204,-0.638405189021084,0.446924339059118,-4.41074153541601,1.0853295280802,-3.77233634639493,-4.85766587447513,"Anxa2"
"Cnn2",433.548270132249,4,0,3.46667956853325,-0.416955763596055,3.74900325688671,-0.502468700237798,-3.8836353321293,0.28232368835346,-3.96914826877104,4.16595902048276,-0.0855129366417433,-4.2514719571245,"Cnn2"
"Mthfd1",430.842737852046,4,0,-3.9381402378979,-2.53567488046758,-3.86131373960367,-0.186297934668874,1.40246535743032,0.0768264982942246,3.75184230322902,-1.32563885913609,2.3493769457987,3.6750158049348,"Mthfd1"
"Fam132a",425.972720427565,4,0,-3.62168661191496,-0.717113651219452,-3.65497786186671,1.12652986260497,2.9045729606955,-0.0332912499517561,4.74821647451993,-2.93786421064726,1.84364351382442,4.78150772447168,"Fam132a"
"Cd74",417.609309839796,4,0,7.89670109761491,6.4517447677872,7.01634857055756,-0.504346516057335,-1.44495632982771,-0.880352527057352,-8.40104761367225,0.564603802770357,-6.95609128384454,-7.5206950866149,"Cd74"
"Hdgf",415.926174829917,4,0,-2.87603335858291,-2.08737909088626,-2.88106967387004,-0.718846688622658,0.788654267696649,-0.00503631528713421,2.15718666996025,-0.793690582983783,1.3685324022636,2.16222298524738,"Hdgf"
"Tmsb10",415.356302023919,4,0,2.56229808084496,0.143666918377786,2.62694170602509,-1.02241327915856,-2.41863116246718,0.0646436251801301,-3.58471136000352,2.48327478764731,-1.16608019753634,-3.64935498518365,"Tmsb10"
"Gpr56",403.650592503719,4,0,-2.52175876433982,-4.90125835918033,-2.24615427055507,-1.71413633664441,-2.37949959484051,0.275604493784744,0.807622427695403,2.65510408862525,3.18712202253591,0.53201793391066,"Gpr56"
"Lcp1",397.554491501605,4,0,3.71637274548396,3.76819928319472,3.86108141885947,-0.309723207475118,0.0518265377107632,0.144708673375512,-4.02609595295908,0.0928821356647485,-4.07792249066984,-4.17080462633459,"Lcp1"
"Prdx2",395.124671649352,4,0,-2.69598347936273,-1.48634231963522,-2.36834897230922,-0.668130052488768,1.20964115972751,0.327634507053504,2.02785342687396,-0.882006652674006,0.818212267146451,1.70021891982046,"Prdx2"
"Irf8",392.417044055713,4,0,1.37842898977868,1.29382136905666,0.835179010981426,-3.70211500248985,-0.0846076207220184,-0.543249978797255,-5.08054399226853,-0.458642358075236,-4.99593637154651,-4.53729401347128,"Irf8"
"Fth1",379.59762136,4,0,-1.86401805731603,-1.32003593710301,-1.91287665579366,-0.479004166399238,0.543982120213016,-0.0488585984776349,1.38501389091679,-0.592840718690651,0.841031770703775,1.43387248939443,"Fth1"
"Ahctf1",375.738482707867,4,0,-1.9830866046271,-0.831779658821242,-2.22181031245213,0.1962546434106,1.15130694580585,-0.238723707825035,2.17934124803769,-1.39003065363089,1.02803430223184,2.41806495586273,"Ahctf1"
"Serpina3f;Serpina3g",358.865615775477,4,0,3.26917511297337,-2.14350533957008,3.05438325675299,1.28549254113997,-5.41268045254345,-0.214791856220373,-1.9836825718334,5.19788859632308,3.42899788071005,-1.76889071561302,"Serpina3f;Serpina3g"
"H2-DMa",353.696598301105,4,0,0.657343348603037,-0.959137304736289,1.28641249050615,-2.20736710966649,-1.61648065333933,0.62906914190311,-2.86471045826952,2.24554979524244,-1.2482298049302,-3.49377960017263,"H2-DMa"
"Pkm2",350.79327624337,4,0,1.56369944994214,-1.49564854503549,1.66298006595305,0.299081697769128,-3.05934799497763,0.099280616010907,-1.26461775217301,3.15862861098854,1.79473024280462,-1.36389836818392,"Pkm2"
"Blvrb",350.013969128373,4,0,-2.31885397475301,0.056756420662659,-2.35992598734254,1.92457546805412,2.37561039541567,-0.0410720125895213,4.24342944280714,-2.4166824080052,1.86781904739146,4.28450145539666,"Blvrb"
"Tyrobp",344.052219998114,4,0,1.99712050198704,2.66752743361667,2.67835720444125,-0.678374545537256,0.670406931629628,0.681236702454211,-2.6754950475243,0.0108297708245834,-3.34590197915393,-3.35673174997851,"Tyrobp"
"Phb2",342.835718699396,4,0,-2.02536996353972,-1.79336012161442,-1.8681531647051,-0.0593195710631132,0.232009841925298,0.157216798834619,1.96605039247661,-0.0747930430906789,1.73404055055131,1.80883359364199,"Phb2"
"Cpox",340.080998481978,4,0,-2.87329636969591,-0.0198952865550245,-2.7127675419957,0.505141186805115,2.85340108314089,0.160528827700217,3.37843755650103,-2.69287225544067,0.52503647336014,3.21790872880081,"Cpox"
"Ddx21",332.017622488251,4,0,-2.19913097877262,-0.981358318613725,-2.1593296559978,-0.319034684298614,1.2177726601589,0.0398013227748248,1.88009629447401,-1.17797133738407,0.662323634315111,1.84029497169918,"Ddx21"
"Mt2",330.372372217113,4,0,-3.00996037641687,2.05090104247537,-3.14896784735753,1.6813038660515,5.06086141889224,-0.139007470940653,4.69126424246837,-5.1998688898329,-0.369597176423873,4.83027171340902,"Mt2"
"Lgals1",329.169886940605,4,0,1.0265628738915,2.18411846945926,1.00383343757327,-1.31595653063336,1.15755559556775,-0.022729436318238,-2.34251940452486,-1.18028503188599,-3.50007500009262,-2.31978996820662,"Lgals1"
"Lgals9",327.922661256879,4,0,-3.47334821779673,-1.44750621630623,-3.50749572862213,-1.285155092058,2.0258420014905,-0.0341475108254001,2.18819312573873,-2.0599895123159,0.162351124248229,2.22234063656413,"Lgals9"
"Hsp90aa1",327.588288019216,4,0,-2.44416345395241,0.0055256272480475,-2.22657161249917,0.12381099322515,2.44968908120046,0.217591841453243,2.56797444717756,-2.23209723974721,0.118285365977102,2.35038260572432,"Hsp90aa1"
"Mns1",327.52800260934,4,0,-3.44886316850704,-0.657918584659592,-3.32345031273899,0.257084204916654,2.79094458384745,0.125412855768052,3.7059473734237,-2.6655317280794,0.915002789576245,3.58053451765564,"Mns1"
"H2-Aa",323.413281156029,4,0,7.09848742089511,5.53211362674846,7.0725938324912,-0.908271677691839,-1.56637379414666,-0.0258935884039097,-8.00675909858695,1.54048020574275,-6.4403853044403,-7.98086551018304,"H2-Aa"
"C1qbp",322.987466643911,4,0,-3.31767117561802,-2.80837709910028,-3.09946321991946,-1.23034958004679,0.50929407651774,0.218207955698561,2.08732159557123,-0.291086120819179,1.57802751905349,1.86911363987267,"C1qbp"
"Mt1",316.782294393523,4,0,-3.23331095485807,-1.5235311850346,-3.26693423724724,0.407168993074965,1.70977976982348,-0.0336232823891716,3.64047994793304,-1.74340305221265,1.93070017810956,3.67410323032221,"Mt1"
"Nolc1",312.897005237914,4,0,-2.18015881998073,-1.24766607937541,-2.14659091739805,0.243391882220682,0.932492740605322,0.0335679025826753,2.42355070220141,-0.898924838022647,1.49105796159609,2.38998279961873,"Nolc1"
"Dut;Dutp",308.851730392352,4,0,-2.5372132224768,-2.01495988338761,-2.29089843287228,-0.188508782603487,0.522253339089183,0.246314789604511,2.34870443987331,-0.275938549484672,1.82645110078413,2.1023896502688,"Dut;Dutp"
"Alad",304.663048335489,4,0,-2.88333213366161,-1.15332582320695,-2.73440672444405,-0.085211972101414,1.73000631045466,0.148925409217556,2.79812016156019,-1.5810809012371,1.06811385110554,2.64919475234264,"Alad"
"Lsp1",302.577554075523,4,0,5.73433868941886,6.00997194905101,5.49626654797491,-0.699670255906862,0.275633259632152,-0.238072141443948,-6.43400894532572,-0.5137054010761,-6.70964220495788,-6.19593680388178,"Lsp1"
"Glrx5",296.075094240152,4,0,-2.56365619434233,-1.69866646497665,-2.48970940137135,-0.397824550413707,0.864989729365679,0.0739467929709767,2.16583164392862,-0.791042936394703,1.30084191456294,2.09188485095764,"Glrx5"
"Napsa",285.536500827472,4,0,3.4589989030317,1.36942570375945,3.55023863490322,-0.270097529377873,-2.08957319927226,0.0912397318715108,-3.72909643240958,2.18081293114377,-1.63952323313732,-3.82033616428109,"Napsa"
"Gnl3",279.965934645962,4,0,-3.02249300792027,-0.562601241543924,-2.99656915201465,-0.163165912780446,2.45989176637634,0.0259238559056129,2.85932709513982,-2.43396791047073,0.399435328763478,2.83340323923421,"Gnl3"
"Gclm",278.166989742084,4,0,-3.63310523909324,-1.78391386753798,-3.55644700195907,-0.222664665088872,1.84919137155526,0.076658237134174,3.41044057400437,-1.77253313442109,1.56124920244911,3.3337823368702,"Gclm"
"Nop58",275.432228841855,4,0,-2.30023007757756,-1.37563121831865,-2.27515813157779,-0.387835267368527,0.924598859258916,0.0250719459997709,1.91239481020903,-0.899526913259145,0.987795950950119,1.88732286420926,"Nop58"
"Id2",272.98357941512,4,0,7.13469576820404,6.12632835995731,7.02973281029723,-0.0629230203321169,-1.00836740824673,-0.104962957906808,-7.19761878853616,0.903404450339926,-6.18925138028942,-7.09265583062935,"Id2"
"Eprs",259.482598852282,4,0,-1.95163341712658,-0.644781932961803,-1.9246779626234,0.09807534403682,1.30685148416478,0.0269554545031798,2.0497087611634,-1.2798960296616,0.742857276998623,2.02275330666023,"Eprs"
"Tnfaip2",255.25506092996,4,0,-4.10649974717197,-0.854809258822269,-3.8604743166477,0.00582774074604919,3.2516904883497,0.246025430524279,4.11232748791802,-3.00566505782543,0.860636999568318,3.86630205739374,"Tnfaip2"
"Lyz1;Lyz2",254.82343300974,4,0,1.29039775916682,-0.959637750930152,2.05878338238939,-3.24878462527344,-2.25003551009697,0.768385623222575,-4.53918238444026,3.01842113331955,-2.28914687434329,-5.30756800766283,"Lyz1;Lyz2"
"Hspe1",253.583120649537,4,0,-1.67532522843045,-2.18778110053885,-1.56742235529445,0.116331889418907,-0.512455872108396,0.107902873136,1.79165711784936,0.620358745244395,2.30411298995775,1.68375424471336,"Hspe1"
"Klf1",248.731041750347,4,0,-3.12252911999535,1.54267845356742,-3.2397740024117,3.20156541651789,4.66520757356277,-0.117244882416351,6.32409453651324,-4.78245245597912,1.65888696295047,6.44133941892959,"Klf1"
"Eif3a;AK087340",246.816894647326,4,0,-1.85390928080454,0.256556280549382,-1.92320717819198,-0.329917062557993,2.11046556135392,-0.0692978973874331,1.52399221824655,-2.17976345874136,-0.586473343107375,1.59329011563398,"Eif3a;AK087340"
"Aplp2",242.913508084152,4,0,-2.80106613520976,0.346590114077686,-2.66590144536105,-0.180598149129456,3.14765624928745,0.135164689848712,2.62046798608031,-3.01249155943874,-0.527188263207142,2.4853032962316,"Aplp2"
"Metap2",236.01712732653,4,0,-2.74185556829312,-0.790357815249261,-2.5766771398078,-0.611834194479317,1.95149775304386,0.165178428485326,2.13002137381381,-1.78631932455854,0.178523620769943,1.96484294532848,"Metap2"
"Hspd1",234.143426412939,4,0,-2.42937891408275,-2.51867833047903,-2.29933323888375,0.0803704267391967,-0.0892994163962775,0.130045675199003,2.50974934082195,0.21934509159528,2.59904875721823,2.37970366562295,"Hspd1"
"Lyar",232.682820488012,4,0,-2.30718808127219,-1.05023654545688,-2.22251081659023,0.0125856697240176,1.25695153581531,0.0846772646819586,2.31977375099621,-1.17227427113335,1.0628222151809,2.23509648631425,"Lyar"
"Prdx6",229.718060306928,4,0,-1.78595524804755,-1.27029440017263,-1.63423581120673,0.240698753457811,0.515660847874918,0.151719436840815,2.02665400150536,-0.363941411034103,1.51099315363044,1.87493456466454,"Prdx6"
"AK156292;V00821;AI324046;Ighg1;AK135975;Igh;Ighg;J00476;Igh-A (1g2);Gm16844;AK036494;M34473;abParts;M13680;M12570;V00757;M36767;X73024",228.952197884743,4,0,2.64226796343899,2.89240154470112,3.11464009706074,-0.978811663964616,0.250133581262123,0.472372133621745,-3.62107962740361,0.222238552359622,-3.87121320866573,-4.09345176102535,"AK156292;V00821;AI324046;Ighg1;AK135975;Igh;Ighg;J00476;Igh-A (1g2);Gm16844;AK036494;M34473;abParts;M13680;M12570;V00757;M36767;X73024"
"Hspa9",228.878456639698,4,0,-2.25733077935643,-0.148260010332714,-2.29184847042058,-0.305172317410586,2.10907076902372,-0.03451769106415,1.95215846194584,-2.14358846008787,-0.156912307077873,1.98667615300999,"Hspa9"
"Ifrd2",220.972884536375,4,0,-3.70260440700757,-3.00925909284194,-3.5872733483032,-0.237818570120572,0.693345314165627,0.115331058704369,3.464785836887,-0.578014255461258,2.77144052272137,3.34945477818263,"Ifrd2"
"Pdap1",216.686615016234,4,0,-2.2885295813618,-1.10878800521914,-2.20745508200983,-0.3303412668244,1.17974157614265,0.0810744993519627,1.9581883145374,-1.09866707679069,0.778446738394743,1.87711381518544,"Pdap1"
"Hk1",213.676481062395,4,0,-2.54432437378353,-2.3188580975055,-2.79006133221582,0.410179471891904,0.225466276278032,-0.245736958432289,2.95450384567544,-0.471203234710321,2.7290375693974,3.20024080410772,"Hk1"
"Zfpm1",210.392215467452,4,0,-2.10622489688183,-2.41028740057464,-2.12187188899464,2.23012028525624,-0.304062503692813,-0.0156469921128139,4.33634518213807,0.288415511579999,4.64040768583088,4.35199217425088,"Zfpm1"
"Ttll12",209.952118106096,4,0,-3.44328168312281,-1.97588316918726,-3.30605593986053,-0.659283849798125,1.46739851393554,0.137225743262278,2.78399783332468,-1.33017277067326,1.31659931938914,2.6467720900624,"Ttll12"
"Cct2",208.414400447266,4,0,-1.63098316872516,-0.0570760322861836,-1.60777743926062,-0.235300502344918,1.57390713643898,0.023205729464545,1.39568266638024,-1.55070140697443,-0.178224470058734,1.3724769369157,"Cct2"
"Urod",204.079434914088,4,0,-1.73029101149935,-0.734049183735324,-1.66526428266565,0.856570022961932,0.996241827764022,0.065026728833692,2.58686103446128,-0.93121509893033,1.59061920669726,2.52183430562759,"Urod"
"Pnp",203.495053924835,4,0,-2.50155141177982,-0.00933322690198413,-2.32337002924561,-1.19377859781039,2.49221818487783,0.178181382534209,1.30777281396943,-2.31403680234362,-1.1844453709084,1.12959143143522,"Pnp"
"Pabpc1;Pabpc2",203.379532248091,4,0,-1.48818235333801,0.499105210772364,-1.28672801516036,-0.382107027501295,1.98728756411037,0.201454338177647,1.10607532583671,-1.78583322593273,-0.881212238273659,0.904620987659067,"Pabpc1;Pabpc2"
"Cct6a",202.387309382719,4,0,-1.94102639500662,-1.34367158575658,-1.94141008122986,-0.615154905072955,0.597354809250041,-0.000383686223240323,1.32587148993366,-0.597738495473281,0.728516680683621,1.3262551761569,"Cct6a"
"Eif4g1",201.675707276462,4,0,-2.05226385242939,-1.4381031451776,-2.13087691493266,-0.302308805451525,0.614160707251791,-0.0786130625032753,1.74995504697786,-0.692773769755066,1.13579433972607,1.82856810948114,"Eif4g1"
"Eif4ebp1",201.351717535337,4,0,-2.40425182565686,-2.33102493923277,-2.38389294991932,-0.321507617220092,0.0732268864240904,0.0203588757375378,2.08274420843677,-0.0528680106865526,2.00951732201267,2.06238533269923,"Eif4ebp1"
"H2-Eb1",200.341316779056,4,0,7.13788069385075,5.20287088303156,10.0567746597208,-0.471305279736329,-1.93500981081919,2.91889396587002,-7.60918597358708,4.85390377668921,-5.67417616276789,-10.5280799394571,"H2-Eb1"
"H2afy",197.54416614158,4,0,-0.453390142144339,-0.935684121472836,-0.4829369981929,-1.79640591130994,-0.482293979328497,-0.0295468560485607,-1.3430157691656,0.452747123279937,-0.860721789837103,-1.31346891311704,"H2afy"
"Lgals3bp",194.200203462703,4,0,-2.22087364520172,-1.72736551916446,-2.35611907530069,0.331814446689599,0.493508126037259,-0.135245430098978,2.55268809189132,-0.628753556136237,2.05917996585406,2.68793352199029,"Lgals3bp"
"Vamp5",193.97095034792,4,0,-2.28457043898512,-2.66179057046194,-2.24342423144551,1.02091177499841,-0.37722013147682,0.0411462075396123,3.30548221398353,0.418366339016432,3.68270234546035,3.26433600644392,"Vamp5"
"Tmem14c",192.285162726428,4,0,-1.45005895380995,-1.12866277961984,-1.47024235694073,0.132037722979415,0.321396174190113,-0.0201834031307795,1.58209667678936,-0.341579577320892,1.26070050259925,1.60228007992014,"Tmem14c"
"Srgn",190.599340343276,4,0,0.80438571462871,-0.70824366660949,0.802154388819318,0.832308905213386,-1.5126293812382,-0.00223132580939107,0.0279231905846765,1.51039805542881,1.54055257182288,0.0301545163940676,"Srgn"
"Nfe2l2",188.523536327017,4,0,-2.22649561322408,-0.500238415697373,-2.36318870126173,-0.198025399657669,1.72625719752671,-0.13669308803765,2.02847021356641,-1.86295028556436,0.302213016039704,2.16516330160406,"Nfe2l2"
"Txnl1",187.93750674166,4,0,-2.11818421292208,-1.63745839684661,-1.96094456156477,-0.0656295900569602,0.480725816075475,0.157239651357316,2.05255462286512,-0.32348616471816,1.57182880678965,1.89531497150781,"Txnl1"
"Cad",185.840367906613,4,0,-2.18821397815314,-2.03756844695992,-2.24243527289888,0.311609129640483,0.15064553119322,-0.0542212947457437,2.49982310779362,-0.204866825938964,2.3491775766004,2.55404440253936,"Cad"
"Ccdc23",185.062932094342,4,0,-1.9122000761579,-0.0360873559201897,-1.86687571675675,0.301982108982219,1.87611272023771,0.0453243594011463,2.21418218514012,-1.83078836083656,0.338069464902409,2.16885782573897,"Ccdc23"
"Stard10",183.80809066601,4,0,-3.28227464149567,-2.46332808438858,-3.20658236363012,0.0671643465559422,0.818946557107086,0.0756922778655489,3.34943898805161,-0.743254279241537,2.53049243094452,3.27374671018606,"Stard10"
"Sfxn1",183.297997467644,4,0,-2.2852142666846,-1.19552031535502,-2.09586124078272,-0.210230117921196,1.08969395132958,0.189353025901886,2.07498414876341,-0.900340925427699,0.985290197433825,1.88563112286152,"Sfxn1"
"Ifitm3",183.09964022759,4,0,-4.13569850017336,-5.55953018841975,-3.65895893079202,-2.62823944806166,-1.42383168824639,0.476739569381334,1.5074590521117,1.90057125762772,2.93129074035809,1.03071948273037,"Ifitm3"
"Malat1",182.337816918981,4,0,2.19344319543212,3.75509233319293,1.85811855461013,0.69652179974704,1.56164913776081,-0.335324640821995,-1.49692139568508,-1.8969737785828,-3.05857053344589,-1.16159675486309,"Malat1"
"Mpo",180.257462040877,4,0,-0.818768212035348,2.82869870978544,-0.651768651819772,-0.608717001365878,3.64746692182079,0.166999560215576,0.210051210669469,-3.48046736160521,-3.43741571115132,0.0430516504538936,"Mpo"
"Etf1",179.921747463863,4,0,-1.52393018959484,-0.252829605563275,-1.45041175772176,0.0769461785593488,1.27110058403157,0.073518431873082,1.60087636815419,-1.19758215215848,0.329775784122624,1.52735793628111,"Etf1"
"Abcb4",177.510441358964,4,0,-3.37266869088189,-0.273363165247777,-3.49300426516402,2.30862503048813,3.09930552563412,-0.120335574282128,5.68129372137002,-3.21964109991624,2.5819881957359,5.80162929565215,"Abcb4"
"Khsrp",177.206454845221,4,0,-1.85743175338104,0.192854623978173,-1.58815731290324,-0.173437161433878,2.05028637735921,0.269274440477799,1.68399459194716,-1.78101193688141,-0.366291785412051,1.41472015146936,"Khsrp"
"Pla2g12a",177.032823906438,4,0,-2.54522987304578,-0.840214892057301,-2.53811345589472,0.826774846702507,1.70501498098848,0.007116417151064,3.37200471974829,-1.69789856383742,1.66698973875981,3.36488830259723,"Pla2g12a"
"Sphk1",174.661577665114,4,0,-5.35164892064321,-0.83046156250829,-5.2867499806068,0.0795138524213453,4.52118735813492,0.0648989400364066,5.43116277306455,-4.45628841809851,0.909975414929636,5.36626383302815,"Sphk1"
"Cct3",170.735658232929,4,0,-1.73158308425923,-1.45710852404202,-1.67149045759809,-0.250430599296221,0.274474560217211,0.060092626661145,1.48115248496301,-0.214381933556066,1.2066779247458,1.42105985830187,"Cct3"
"Cox6b2",170.437297848967,4,0,-4.57695417204165,-2.00251753356402,-4.42958928093209,-1.86136530937519,2.57443663847763,0.147364891109558,2.71558886266646,-2.42707174736807,0.141152224188837,2.56822397155691,"Cox6b2"
"Rsl1d1",168.716459195424,4,0,-2.22654778040275,-0.757323752642093,-1.9936729015677,-0.57847225874296,1.46922402776066,0.23287487883505,1.64807552165979,-1.23634914892561,0.178851493899133,1.41520064282474,"Rsl1d1"
"Phf5a",168.495637007361,4,0,-2.95415621156705,-2.69201156096109,-2.6471850074272,-1.22792614347062,0.262144650605956,0.306971204139853,1.72623006809643,0.0448265535338966,1.46408541749047,1.41925886395658,"Phf5a"
"Chchd10",167.448247466451,4,0,-2.65462374038322,-1.68396192141005,-2.51324009133748,0.342162631597676,0.970661818973175,0.141383649045738,2.9967863719809,-0.829278169927437,2.02612455300772,2.85540272293516,"Chchd10"
"Plbd1",164.024098585588,4,0,6.78217923560122,7.36023218950568,4.0737121386447,-2.9857665282636,0.578052953904451,-2.70846709695652,-9.76794576386483,-3.28652005086098,-10.3459987177693,-7.0594786669083,"Plbd1"
"Ermap",159.174111990781,4,0,-5.5663298433006,0.193101136627194,-5.36688975154618,0.96401379314707,5.75943097992779,0.199440091754413,6.53034363644767,-5.55999088817338,0.770912656519877,6.33090354469326,"Ermap"
"Idh3a",157.06596719728,4,0,-2.13356917984812,-1.38339761074506,-1.95225143493318,-0.27899366626667,0.750171569103052,0.181317744914934,1.85457551358145,-0.568853824188117,1.10440394447839,1.67325776866651,"Idh3a"
"Hist1h1b",152.047553109388,4,0,-1.36054345391379,2.60888421803168,-0.913149708902955,-0.499997038438048,3.96942767194546,0.447393745010833,0.860546415475739,-3.52203392693463,-3.10888125646972,0.413152670464905,"Hist1h1b"
"Eef1a1",150.148179976302,4,0,-0.85778351424252,1.39265151661216,-0.673919538369515,-1.11126487915718,2.25043503085468,0.183863975873006,-0.253481364914659,-2.06657105498167,-2.50391639576933,-0.437345340787664,"Eef1a1"
"Necap2",149.309030639356,4,0,-2.41156692101405,-1.07593715831157,-2.2188813564328,-1.24559657739905,1.33562976270249,0.192685564581249,1.16597034361501,-1.14294419812124,-0.169659419087482,0.973284779033756,"Necap2"
"Hmbs",148.079339894823,4,0,-4.21555205564067,-3.32387703276058,-3.93409897931936,-1.12144007587079,0.891675022880087,0.281453076321308,3.09411197976988,-0.610221946558779,2.20243695688979,2.81265890344857,"Hmbs"
"Arl6ip1",147.83346537571,4,0,-0.814120087392315,0.306501131502903,-0.505591682950397,-1.99116856170955,1.12062121889522,0.308528404441918,-1.17704847431723,-0.8120928144533,-2.29766969321245,-1.48557687875915,"Arl6ip1"
"Rps11",143.778569816567,4,0,-0.677831006128498,0.0684539800554305,-0.808823252621232,-1.68866781829166,0.746284986183928,-0.130992246492732,-1.01083681216316,-0.877277232676662,-1.75712179834709,-0.879844565670432,"Rps11"
"Top2a",143.633957208735,4,0,-1.33222352886814,1.04895211675279,-1.30131729920707,-1.75276764067142,2.38117564562093,0.0309062296610689,-0.420544111803278,-2.35026941595986,-2.80171975742421,-0.451450341464347,"Top2a"
"Hnrnpab",141.657162344989,4,0,-1.77255218715798,-1.10394428447249,-1.81149624111096,-0.51305680586029,0.668607902685487,-0.0389440539529781,1.25949538129769,-0.707551956638465,0.590887478612202,1.29843943525067,"Hnrnpab"
"Mrpl52",140.692119101195,4,0,-1.76092741691553,-0.989338633612603,-1.59674262028906,-0.734552961652501,0.771588783302928,0.164184796626476,1.02637445526303,-0.607403986676452,0.254785671960103,0.862189658636555,"Mrpl52"
"Ubac1;Ubadc1",140.417810942242,4,0,-3.04896923726068,-1.83453258347071,-2.59621759982256,-0.350844305799683,1.21443665378997,0.452751637438127,2.698124931461,-0.761685016351844,1.48368827767103,2.24537329402287,"Ubac1;Ubadc1"
"Supt16h",139.741821455576,4,0,-2.14366329710829,-0.00601131259170584,-2.19330769372784,-0.665555584669549,2.13765198451658,-0.0496443966195517,1.47810771243874,-2.18729638113614,-0.659544272077843,1.52775210905829,"Supt16h"
"Rpl22",137.253932662939,4,0,-1.04468547136615,0.906166608876424,-1.36296927734386,-1.4355150890312,1.95085208024257,-0.318283805977717,-0.390829617665046,-2.26913588622029,-2.34168169790762,-0.0725458116873305,"Rpl22"
"Cd24a",136.991808119494,4,0,-2.45978033550543,1.84068891362145,-2.32679939753953,-2.24183300727441,4.30046924912688,0.132980937965898,0.217947328231015,-4.16748831116098,-4.08252192089587,0.0849663902651185,"Cd24a"
"Canx",136.834167758164,4,0,-1.43780758993664,-0.136479487384432,-1.57164518824315,-0.267993557251177,1.30132810255221,-0.133837598306505,1.16981403268546,-1.43516570085871,-0.131514069866745,1.30365163099197,"Canx"
"Ftsj3",136.688178883843,4,0,-2.36345295710642,-1.46257921889702,-2.64831498307593,-0.496570603676959,0.900873738209401,-0.284862025969508,1.86688235342947,-1.18573576417891,0.966008615220065,2.15174437939897,"Ftsj3"
"Ctse",135.539722907827,4,0,-3.49988841831171,1.50460951192647,-3.37484943768693,0.274485922087028,5.00449793023818,0.125038980624774,3.77437434039874,-4.8794589496134,-1.23012358983944,3.64933535977396,"Ctse"
"Rbm25",133.903347441797,4,0,-1.45407411342494,-0.235606303044135,-1.50858890713847,0.00309902918833006,1.21846781038081,-0.0545147937135259,1.45717314261327,-1.27298260409433,0.238705332232465,1.5116879363268,"Rbm25"
"Hars",133.766049291557,4,0,-2.87825496783915,-2.00657872658565,-2.93745329274146,-1.22830245690327,0.871676241253502,-0.0591983249023124,1.64995251093588,-0.930874566155814,0.778276269682379,1.70915083583819,"Hars"
"Bclaf1;mKIAA0164",133.481960590303,4,0,-2.17706619753906,-0.359114606480903,-2.12035913625454,-0.667311715340464,1.81795159105816,0.0567070612845262,1.5097544821986,-1.76124452977363,-0.308197108859561,1.45304742091407,"Bclaf1;mKIAA0164"
"Cct5",133.031994947912,4,0,-1.56196994369554,-1.16057736387296,-1.52665550584892,-0.546942278311646,0.401392579822589,0.0353144378466253,1.0150276653839,-0.366078141975964,0.613635085561309,0.979713227537273,"Cct5"
"Arhgdib",132.94413119124,4,0,1.35201822024658,-0.0599154219516882,1.29994685084665,-0.153409556620811,-1.41193364219827,-0.052071369399929,-1.50542777686739,1.35986227279834,-0.0934941346691229,-1.45335640746747,"Arhgdib"
"Ap1b1",131.278026132983,4,0,-2.3220126837501,-1.50766663135353,-2.2608064184321,-1.22629943508131,0.814346052396571,0.0612062653179943,1.09571324866879,-0.753139787078576,0.281367196272218,1.03450698335079,"Ap1b1"
"Hist1h2be;Hist1h1e",131.051282933175,4,0,-1.04580215808316,2.39563529515165,-0.38101903102815,-0.350039701237103,3.44143745323481,0.664783127055012,0.695762456846058,-2.7766543261798,-2.74567499638875,0.0309793297910467,"Hist1h2be;Hist1h1e"
"Cbx5",129.736149775219,4,0,-1.64026686305503,0.370674680744095,-1.40535275598672,-0.335544882053247,2.01094154379913,0.234914107068315,1.30472198100178,-1.77602743673081,-0.706219562797342,1.06980787393347,"Cbx5"
"AK217986",127.692356255096,4,0,-2.73923683015722,-0.671205395100599,-2.22150048500644,0.229043627111137,2.06803143505662,0.517736345150783,2.96828045726836,-1.55029508990584,0.900249022211736,2.45054411211758,"AK217986"
"H2afx",127.348316778409,4,0,-1.67382083871534,-2.11039042943083,-1.26345420646185,-2.69634773129961,-0.436569590715486,0.410366632253496,-1.02252689258426,0.846936222968982,-0.585957301868778,-1.43289352483776,"H2afx"
"Eif4g2",124.562214202428,4,0,-1.51589313225555,-0.506904095053134,-1.45753287778371,-0.067673198779837,1.00898903720241,0.0583602544718386,1.44821993347571,-0.950628782730572,0.439230896273297,1.38985967900387,"Eif4g2"
"E2f4",123.133787769022,4,0,-2.66108568086303,-2.38196040818782,-2.54765674936619,-1.01746702394427,0.279125272675205,0.113428931496836,1.64361865691876,-0.165696341178369,1.36449338424355,1.53018972542192,"E2f4"
"Nasp",121.973139634482,4,0,-1.9298427163653,-1.01769830392639,-1.6644483566495,-0.452827311602501,0.91214441243891,0.265394359715799,1.4770154047628,-0.646750052723111,0.564870992323889,1.211621045047,"Nasp"
"Ipo5",121.449180863223,4,0,-1.70871669447243,-0.905679325729246,-1.7833466239767,-0.472068808298374,0.803037368743184,-0.0746299295042668,1.23664788617406,-0.877667298247451,0.433610517430873,1.31127781567832,"Ipo5"
"Nedd4",120.93098682832,4,0,-0.822008535332212,-0.391618984184372,-0.822651603587837,1.03311289282,0.43038955114784,-0.000643068255624497,1.85512142815222,-0.431032619403465,1.42473187700438,1.85576449640784,"Nedd4"
"Ccne1",118.779087575423,4,0,-1.43728698041413,0.530908769662211,-1.42489060046072,1.31799078404486,1.96819575007634,0.0123963799534167,2.75527776445899,-1.95579937012293,0.787082014382644,2.74288138450557,"Ccne1"
"Calr",118.716031418367,4,0,-0.897136507983888,-1.30920630846237,-0.629985001133805,-0.17626372869396,-0.412069800478485,0.267151506850083,0.720872779289929,0.679221307328568,1.13294257976841,0.453721272439846,"Calr"
"Slc29a1;Ent1",117.776386580972,4,0,-2.66003671360698,-1.40269686071071,-2.80040076090395,-0.9325804391839,1.25733985289628,-0.140364047296965,1.72745627442309,-1.39770390019324,0.470116421526809,1.86782032172005,"Slc29a1;Ent1"
"Mki67",117.765693353843,4,0,-0.887110787702872,3.12144676456401,-0.863331079756901,-1.57838907874244,4.00855755226689,0.023779707945972,-0.691278291039563,-3.98477784432092,-4.69983584330645,-0.715057998985532,"Mki67"
"Rgs10",116.984505130588,4,0,-1.57485416973169,-2.63533015419606,-1.4863101877526,-1.39589932927685,-1.06047598446437,0.0885439819790919,0.178954840454837,1.14901996644347,1.23943082491921,0.0904108584757459,"Rgs10"
"Rexo2",116.549123423113,4,0,-2.37884243051944,-1.92408112288518,-2.31437861767776,-0.929454080621214,0.454761307634267,0.064463812841687,1.44938834989823,-0.39029749479258,0.994627042263962,1.38492453705654,"Rexo2"
"AK031561;Set",113.429230562128,4,0,-1.65424641549392,0.586970367622218,-1.24843176597119,-0.454406096776481,2.24121678311614,0.405814649522735,1.19984031871744,-1.8354021335934,-1.0413764643987,0.794025669194704,"AK031561;Set"
"Gspt1",112.721170381653,4,0,-1.77974966674656,-0.651728360098734,-1.69967726617172,-0.324578037486055,1.12802130664783,0.0800724005748424,1.45517162926051,-1.04794890607299,0.327150322612679,1.37509922868567,"Gspt1"
"Tubb5",112.422614325735,4,0,-0.943538005007595,-0.430180985686077,-1.01832526657266,-1.34259104473582,0.513357019321518,-0.0747872615650655,-0.399053039728228,-0.588144280886583,-0.912410059049746,-0.324265778163163,"Tubb5"
"Isg20",111.975168708434,4,0,-5.33996110223534,-4.01224015379686,-5.19489938175955,-0.937491042746189,1.32772094843848,0.145061720475795,4.40247005948915,-1.18265922796268,3.07474911105067,4.25740833901336,"Isg20"
"Gfi1b",111.808998057363,4,0,-3.77381939635683,-3.82837033189927,-3.37866173678238,-0.35195698228175,-0.0545509355424405,0.395157659574455,3.42186241407508,0.449708595116895,3.47641334961752,3.02670475450063,"Gfi1b"
"Atp1b2",110.689287906034,4,0,-3.78172898065726,2.52768835944309,-3.47676148627193,2.98872381262531,6.30941734010035,0.304967494385327,6.77045279328257,-6.00444984571502,0.461035453182222,6.46548529889725,"Atp1b2"
"Slpi",110.27708779286,4,0,-0.648796785314449,-3.86228306004332,-0.571923659678243,-1.0019003484808,-3.21348627472887,0.076873125636206,-0.353103563166349,3.29035940036508,2.86038271156252,-0.429976688802555,"Slpi"
"Ddx39",108.959973873452,4,0,-2.78944614883052,-2.02134648847299,-2.37675040179804,-1.39804839284088,0.768099660357527,0.412695747032479,1.39139775598963,-0.355403913325047,0.623298095632106,0.978702008957154,"Ddx39"
"Kcnn4",108.054390580463,4,0,-1.96347707519671,-1.2329139328303,-2.16418363700807,-0.865027096061816,0.730563142366409,-0.200706561811356,1.0984499791349,-0.931269704177766,0.367886836768488,1.29915654094625,"Kcnn4"
"Sub1",107.667784451177,4,0,-0.01237377303381,2.29920916661296,-0.069981778231358,-0.35909220013619,2.31158293964677,-0.0576080051975484,-0.346718427102381,-2.36919094484432,-2.65830136674915,-0.289110421904833,"Sub1"
"Mbd2",107.424670241231,4,0,-1.5115627970531,-0.412399686748301,-1.6405654219297,-0.394006880544631,1.09916311030479,-0.129002624876602,1.11755591650846,-1.2281657351814,0.0183928062036699,1.24655854138507,"Mbd2"
"Apoe",106.486431638602,4,0,0.549935122795999,-1.53399530362195,0.255035004505975,0.421553371824663,-2.08393042641795,-0.294900118290024,-0.128381750971336,1.78903030812792,1.95554867544661,0.166518367318688,"Apoe"
"Rhd",105.377342645592,4,0,-8.75382144580389,-4.8863540609092,-8.92309722929741,-1.84681225283325,3.8674673848947,-0.169275783493515,6.90700919297065,-4.03674316838821,3.03954180807595,7.07628497646416,"Rhd"
"Rpia",105.208396826598,4,0,-2.10266828403243,-1.62260388854967,-1.92213843993138,-0.103048891586905,0.480064395482758,0.180529844101046,1.99961939244552,-0.299534551381712,1.51955499696276,1.81908954834448,"Rpia"
"Aqp1",103.21864770936,4,0,-6.95629990428571,-6.2463505759944,-7.15544150346954,-1.27288083137242,0.709949328291305,-0.199141599183834,5.68341907291329,-0.909090927475139,4.97346974462199,5.88256067209712,"Aqp1"
"Ifngr1",101.920591095936,4,0,-0.688159708368076,2.63096606912148,-0.576839047036839,-0.972886699353922,3.31912577748956,0.111320661331237,-0.284726990985846,-3.20780511615832,-3.6038527684754,-0.396047652317083,"Ifngr1"
"Nkg7",101.175727152115,4,0,2.56857553822947,3.24386927714465,3.05134540518296,3.20507130545483,0.675293738915188,0.482769866953498,0.636495767225369,-0.19252387196169,-0.038797971689819,0.153725900271872,"Nkg7"
"Hist1h1a",100.958855920784,4,0,-2.09321486987856,2.20514896283083,-1.53565451217689,-0.76869817293227,4.29836383270939,0.557560357701666,1.32451669694629,-3.74080347500773,-2.9738471357631,0.766956339244622,"Hist1h1a"
"Smc1a",100.731827729919,4,0,-1.25302633321514,0.68261106639777,-1.28981615197439,-0.396164792987279,1.93563739961291,-0.0367898187592471,0.856861540227863,-1.97242721837216,-1.07877585938505,0.89365135898711,"Smc1a"
"Cox7b",99.9861798500832,4,0,-0.461538905592335,4.57186647527638,-1.29700966201859,-0.95530385691206,5.03340538086873,-0.835470756426248,-0.493764951319719,-5.86887613729497,-5.52717033218844,0.341705805106528,"Cox7b"
"Hist1h4d",97.8183713786301,4,0,-1.39591362477857,1.87894561290939,-0.731324374054038,-1.37155488899611,3.27485923768796,0.66458925072453,0.0243587357824607,-2.61026998696343,-3.2505005019055,-0.640230514942069,"Hist1h4d"
"Mcm4",94.4661903357961,4,0,-1.1028191256245,-0.468124213363159,-1.21165490966582,0.484485620961909,0.634694912261342,-0.108835784041321,1.58730474658641,-0.743530696302663,0.952609834325069,1.69614053062773,"Mcm4"
"Nars",93.4951683724279,4,0,-1.68443996501143,-0.542442609374032,-1.42217444910579,-0.261928681138585,1.1419973556374,0.262265515905646,1.42251128387285,-0.879731839731757,0.280513928235447,1.1602457679672,"Nars"
"Cenp-a;Cenpa",93.2539632415948,4,0,-2.71225527436011,-1.50812525134136,-2.82629029234336,-2.84721349847379,1.20413002301875,-0.114035017983256,-0.134958224113678,-1.31816504100201,-1.33908824713243,-0.0209232061304228,"Cenp-a;Cenpa"
"Dad1",90.0391330109921,4,0,-1.20196540322767,0.861391570916062,-1.02593572588904,-0.343352263809536,2.06335697414374,0.176029677338633,0.858613139418138,-1.8873272968051,-1.2047438347256,0.682583462079506,"Dad1"
"1110034A24Rik;Rpl36al",89.4209758876862,4,0,-1.34379311664399,0.104586187339752,-1.3197332733632,-0.755919283736115,1.44837930398374,0.0240598432807899,0.587873832907873,-1.42431946070295,-0.860505471075867,0.563813989627082,"1110034A24Rik;Rpl36al"
"Cpsf2",84.7880881224228,4,0,-1.30207950262474,0.091632950787041,-1.25857356123451,-0.095902349183,1.39371245341178,0.0435059413902232,1.20617715344174,-1.35020651202156,-0.187535299970041,1.16267121205151,"Cpsf2"
"Cldn13",84.1397925581913,4,0,-4.0589612019422,1.89916996262644,-4.06301921865181,0.744657553564726,5.95813116456864,-0.00405801670960639,4.80361875550693,-5.96218918127824,-1.15451240906171,4.80767677221653,"Cldn13"
"Paics",83.8256765567559,4,0,-1.79293327705232,-0.22125709075404,-1.76016788564957,-0.911616907630163,1.57167618629828,0.0327653914027495,0.881316369422155,-1.53891079489553,-0.690359816876122,0.848550978019405,"Paics"
"Cox6c",82.2808543500136,4,1.11022302462516e-16,-0.523042134950379,1.99502104655555,-0.669439014806089,-0.323980707165693,2.51806318150593,-0.146396879855711,0.199061427784685,-2.66446006136164,-2.31900175372125,0.345458307640397,"Cox6c"
"Atpase6",82.1055262468109,4,1.11022302462516e-16,0.0660084504842375,2.36909178244382,-0.138564177593723,0.511875750420678,2.30308333195958,-0.204572628077961,0.445867299936441,-2.50765596003754,-1.85721603202314,0.650439928014401,"Atpase6"
"Gata1",81.957251025407,4,1.11022302462516e-16,-2.96176227906989,-2.07048090791545,-2.75419594086806,2.507675200504,0.891281371154437,0.20756633820183,5.46943747957389,-0.683715032952607,4.57815610841946,5.26187114137206,"Gata1"
"Bat2d;Prrc2c;Bat2l2",80.6139503333663,4,1.11022302462516e-16,-0.983363574788469,0.836957816335361,-0.676885521769085,0.0926732144484139,1.82032139112383,0.306478053019385,1.07603678923688,-1.51384333810444,-0.744284601886947,0.769558736217498,"Bat2d;Prrc2c;Bat2l2"
"Igfbp4",80.2511984542956,4,1.11022302462516e-16,1.01867101486347,-1.28163668908766,0.808902090224408,-0.435961371140055,-2.30030770395113,-0.209768924639063,-1.45463238600353,2.09053877931207,0.845675317947605,-1.24486346136446,"Igfbp4"
"Emb",77.6867907719917,4,5.55111512312578e-16,0.586662072810931,0.565909213869561,0.551268007967483,-1.48685351483919,-0.0207528589413694,-0.0353940648434478,-2.07351558765012,-0.0146412059020785,-2.05276272870875,-2.03812152280667,"Emb"
"Sun2",76.0580873276269,4,1.22124532708767e-15,0.889816498149057,1.01425115233602,0.921203248663117,-0.969647789350593,0.124434654186962,0.0313867505140606,-1.85946428749965,-0.0930479036729013,-1.98389894168661,-1.89085103801371,"Sun2"
"Ube2c",76.0362809364149,4,1.22124532708767e-15,-1.56683569790117,-0.756874593905294,-1.42935351965851,-2.46540740385657,0.80996110399588,0.137482178242662,-0.8985717059554,-0.672478925753218,-1.70853280995128,-1.03605388419806,"Ube2c"
"Son;mKIAA1019",75.7316807195147,4,1.4432899320127e-15,-0.867534714922384,0.885094304722905,-0.786696558532401,-0.36346380146746,1.75262901964529,0.0808381563899833,0.504070913454924,-1.67179086325531,-1.24855810619037,0.423232757064941,"Son;mKIAA1019"
"Hmgb2",75.2749678870177,4,1.77635683940025e-15,-1.27974596170314,-0.781109942511166,-1.17475024401772,-1.81888842802211,0.498636019191972,0.104995717685418,-0.539142466318969,-0.393640301506554,-1.03777848551094,-0.644138184004387,"Hmgb2"
"Tk1",73.9964646428133,4,3.21964677141295e-15,-2.89225695924843,-2.79669486044912,-2.49245627084243,-1.58548933755359,0.0955620987993095,0.399800688405996,1.30676762169484,0.304238589606687,1.21120552289553,0.906966933288846,"Tk1"
"Tuba1c",72.9268892858291,4,5.44009282066327e-15,-1.23253201132002,-2.01422542478284,-0.848846061545942,-1.99281392998185,-0.781693413462824,0.383685949774076,-0.76028191866183,1.1653793632369,0.0214114948009945,-1.14396786843591,"Tuba1c"
"Cd34",72.4315936451041,4,6.99440505513849e-15,-0.699627302604013,-2.05579246090523,-0.290184503856877,-2.8730112981311,-1.35616515830122,0.409442798747135,-2.17338399552709,1.76560795704836,-0.817218837225864,-2.58282679427422,"Cd34"
"Ccnb2",70.7749207207374,4,1.55431223447522e-14,-2.38563674695817,-1.52993169491733,-2.27451202957333,-2.88603640644571,0.855705052040836,0.111124717384836,-0.500399659487544,-0.744580334656,-1.35610471152838,-0.61152437687238,"Ccnb2"
"AK152437",69.8797456594154,4,2.40918396343659e-14,-3.08212088347099,-1.64460850635242,-3.08009850201864,-1.55879768434418,1.43751237711857,0.00202238145234918,1.52332319912681,-1.43548999566622,0.085810822008245,1.52130081767446,"AK152437"
"Mat2a",68.4281077000865,4,4.87387907810444e-14,-1.86985349299325,-1.62698331929385,-1.63788118881992,-1.1228681419951,0.2428701736994,0.23197230417333,0.746985350998151,-0.0108978695260706,0.504115177298751,0.515013046824821,"Mat2a"
"SMC4;Smc4",68.016360084281,4,5.95079541199084e-14,-1.45168549760432,0.133892636597343,-1.43356307140324,-1.19662447611651,1.58557813420166,0.0181224262010835,0.25506102148781,-1.56745570800058,-1.33051711271385,0.236938595286727,"SMC4;Smc4"
"Hist1h1d",67.3796747981738,4,8.10462807976364e-14,-0.275351845697297,2.94334689476859,0.142069093251456,-0.0242958968848432,3.21869874046588,0.417420938948753,0.251055948812454,-2.80127780151713,-2.96764279165343,-0.1663649901363,"Hist1h1d"
"B2m;BC002288",66.9504531275572,4,9.98090499138016e-14,-0.338577179792216,2.59541990191886,0.244745347356965,-0.0694143250995842,2.93399708171107,0.58332252714918,0.269162854692631,-2.35067455456189,-2.66483422701844,-0.314159672456549,"B2m;BC002288"
"Hemgn",66.6947655310464,4,1.13020703906841e-13,-3.07659424168829,-2.61761874035976,-2.90259880060395,0.622480303934491,0.45897550132853,0.17399544108434,3.69907454562278,-0.28498006024419,3.24009904429425,3.52507910453844,"Hemgn"
"MRPL33;Mrpl33",63.2577674617918,4,5.98854299482809e-13,-0.222088288584326,1.93047506926079,-0.48550677448767,-0.404510848492282,2.15256335784511,-0.263418485903345,-0.182422559907956,-2.41598184374846,-2.33498591775307,0.0809959259953885,"MRPL33;Mrpl33"
"Hist1h2ae",62.2471785458934,4,9.77329328577525e-13,-1.42232478934272,1.29081293327535,-1.06134492474645,-1.3144254885416,2.71313772261808,0.360979864596268,0.107899300801128,-2.35215785802181,-2.60523842181695,-0.253080563795141,"Hist1h2ae"
"Hist1h1c",61.851270229229,4,1.1838308111578e-12,-0.647310295700575,1.78614774955887,0.0997339454294634,-0.483727211778987,2.43345804525945,0.74704424113004,0.163583083921589,-1.68641380412941,-2.26987496133786,-0.58346115720845,"Hist1h1c"
"Itgb1",61.1919413889776,4,1.62914126633495e-12,0.360057065438668,1.84392707746431,0.442344441389257,0.411838782020918,1.48387001202565,0.0822873759505895,0.0517817165822507,-1.40158263607506,-1.4320882954434,-0.0305056593683386,"Itgb1"
"Rps24",58.4305003394223,4,6.19737594576009e-12,-0.291452017278246,0.73892258585677,-0.55818639527195,-1.43643703764555,1.03037460313502,-0.266734377993704,-1.1449850203673,-1.29710898112872,-2.17535962350232,-0.878250642373594,"Rps24"
"Elane",55.950582781929,4,2.0535906308794e-11,-1.20868746426333,0.801134209929823,-0.939460676738154,0.628051948455253,2.00982167419316,0.269226787525179,1.83673941271859,-1.74059488666798,-0.173082261474569,1.56751262519341,"Elane"
"Uqcrh",55.7021769861002,4,2.31520358440207e-11,-0.866729370808401,0.0902004337995322,-0.782771073138438,-0.104741983131019,0.956929804607933,0.0839582976699634,0.761987387677382,-0.87297150693797,-0.194942416930552,0.678029090007418,"Uqcrh"
"2810417H13Rik",53.2770854393862,4,7.45663530921092e-11,-0.200895001878697,3.8443119311426,-0.27350879723446,-1.26421302480705,4.0452069330213,-0.0726137953557627,-1.06331802292836,-4.11782072837706,-5.10852495594966,-0.990704227572595,"2810417H13Rik"
"Prdx5",52.8962648407491,4,8.9584895057726e-11,0.0105330266513459,-0.959794322191498,0.0791245135436361,0.528561734826563,-0.970327348842844,0.0685914868922903,0.518028708175217,1.03891883573513,1.48835605701806,0.449437221282927,"Prdx5"
"Rpl23",52.7135462604905,4,9.78280789709629e-11,-0.811705980969246,0.345309697393816,-0.757313728652998,-0.279731509880143,1.15701567836306,0.0543922523162478,0.531974471089103,-1.10262342604681,-0.625041207273959,0.477582218772856,"Rpl23"
"Cox17",50.6692652931172,4,2.61719534933036e-10,-1.25470566425053,-1.1218869703153,-1.005731002948,-0.314542940419268,0.132818693935228,0.24897466130253,0.940162723831264,0.116155967367303,0.807344029896036,0.691188062528733,"Cox17"
"Ctsg",44.9092047433545,4,4.15258161190479e-09,-0.135839761875224,1.64777482443171,0.0600569938536404,-0.160349549372006,1.78361458630693,0.195896755728865,-0.0245097874967808,-1.58771783057806,-1.80812437380371,-0.220406543225646,"Ctsg"
"Kiaa0028;Lars2",41.26917995069,4,2.36406877407447e-08,-0.889134927433855,1.15631554825044,-0.90189685871482,-0.246937383157432,2.04545047568429,-0.0127619312809659,0.642197544276423,-2.05821240696526,-1.40325293140787,0.654959475557389,"Kiaa0028;Lars2"
"Fam107b",41.2007414795765,4,2.44249603875701e-08,0.321641969841063,1.74812555666241,0.682276217280783,-0.268537540064302,1.42648358682135,0.36063424743972,-0.590179509905365,-1.06584933938163,-2.01666309672671,-0.950813757345085,"Fam107b"
"Atp5k",38.8988870529937,4,7.30963168882326e-08,-0.994555452952081,-0.920947676575527,-0.540133444373437,-0.164643864069147,0.0736077763765538,0.454422008578644,0.829911588882934,0.38081423220209,0.75630381250638,0.37548958030429,"Atp5k"
"Cdk1",38.7159574182078,4,7.97390985463053e-08,-1.90288762096595,-1.43541080910979,-1.77269859737524,-2.02112124531622,0.467476811856158,0.130189023590706,-0.118233624350265,-0.337287788265452,-0.585710436206423,-0.248422647940971,"Cdk1"
"Birc5",38.5751416352179,4,8.52598321943177e-08,-2.27129771553839,-1.94518500936896,-2.21616841311467,-2.2737452941374,0.326112706169426,0.0551293024237202,-0.00244757859900924,-0.270983403745706,-0.328560284768435,-0.0575768810227295,"Birc5"
"Hspa5",35.8231874506046,4,3.14645708265893e-07,-1.11044758354879,-1.03543233481536,-1.00614590831436,-0.51241828771777,0.0750152487334347,0.104301675234435,0.598029295831021,0.0292864265010009,0.523014047097586,0.493727620596586,"Hspa5"
"Dctn5;Plk1",35.5542637880632,4,3.57370723347294e-07,-1.64993330063786,-1.11555275015033,-1.58891461801853,-1.74057269401517,0.534380550487526,0.0610186826193264,-0.0906393933773115,-0.4733618678682,-0.625019943864838,-0.151658075996637,"Dctn5;Plk1"
"Hba-a2",33.5680922179417,4,9.13717549955173e-07,2.3286047883116,1.22447081608948,1.32134400253841,-0.759538211647985,-1.10413397222212,-1.00726078577319,-3.08814299995959,0.0968731864489284,-1.98400902773746,-2.0808822141864,"Hba-a2"
"Hp",32.7088813893824,4,1.3701473444705e-06,-1.24933915729043,0.676214830227895,-1.01913564774901,0.779982847045863,1.92555398751833,0.230203509541423,2.0293220043363,-1.6953504779769,0.103768016817968,1.79911849479487,"Hp"
"Pgd",30.719986069504,4,3.49158723733645e-06,-0.682209975825805,-0.547593113581962,-0.472835248313771,0.445907357609446,0.134616862243843,0.209374727512034,1.12811733343525,0.0747578652681912,0.993500471191408,0.918742605923217,"Pgd"
"Cdca3",26.3841768207713,4,2.64725091170259e-05,-1.42408664134718,-0.859359795018351,-1.18080050441564,-1.32482494544134,0.564726846328824,0.243286136931531,0.099261695905835,-0.321440709397293,-0.465465150422989,-0.144024441025697,"Cdca3"
"1190002H23Rik",24.2555840102638,4,7.09836850698586e-05,-1.32221804990232,-1.55941030883842,-1.43279426543255,3.15339575923311,-0.237192258936092,-0.110576215530226,4.47561380913543,0.126616043405866,4.71280606807153,4.58619002466566,"1190002H23Rik"
"Hbb-b1",23.5717129531551,4,9.73189451258794e-05,-5.0406124803018,-1.9980463011575,-3.49211584957807,-2.77482078350313,3.0425661791443,1.54849663072373,2.26579169679867,-1.49406954842057,-0.776774482345634,0.717295066074936,"Hbb-b1"
"Prtn3",20.4461950828599,4,0.00040764102716373,-0.444886480032768,0.207175629084393,-0.344544942242862,0.246756795266431,0.652062109117161,0.100341537789905,0.691643275299199,-0.551720571327256,0.0395811661820377,0.591301737509293,"Prtn3"
"Chi3l3",17.654411659135,4,0.00144152862240521,0.722985359646318,4.41894865508722,0.189561579243018,3.22190408157467,3.6959632954409,-0.5334237804033,2.49891872192835,-4.2293870758442,-1.19704457351255,3.03234250233165,"Chi3l3"
"Ly6c2",17.377956981415,4,0.00163193395945793,-0.167025131796892,0.190332761360947,-0.616260605262931,1.12900368818294,0.357357893157838,-0.44923547346604,1.29602881997983,-0.806593366623878,0.938670926821989,1.74526429344587,"Ly6c2"
"Hsp90b1",16.8364516923095,4,0.00207960124173123,-0.546793458954122,-0.845028377246578,-0.619867906927709,-0.543565635451403,-0.298234918292457,-0.0730744479735869,0.003227823502719,0.22516047031887,0.301462741795176,0.076302271476306,"Hsp90b1"
"Rpl30",16.5476452133052,4,0.00236582862388479,-0.761012343100798,-0.232774242299948,-0.431722771514301,-0.608229643883533,0.52823810080085,0.329289571586497,0.152782699217265,-0.198948529214353,-0.375455401583585,-0.176506872369232,"Rpl30"
"1100001G20Rik",16.3102014407218,4,0.00262995237685248,-176.227497169559,-173.665007107273,-176.668193832869,-174.867310270346,2.56249006228565,-0.440696663310063,1.3601868992131,-3.00318672559572,-1.20230316307255,1.80088356252316,"1100001G20Rik"
"Ifitm1",15.6192899304057,4,0.00357497239288573,-0.441546697459994,-2.0623725895859,-0.290556265134806,-0.862508855604261,-1.6208258921259,0.150990432325188,-0.420962158144267,1.77181632445109,1.19986373398163,-0.571952590469455,"Ifitm1"
"Pdia3",12.887726362176,4,0.0118376136196626,-0.800544034171233,-0.958059198207023,-0.94683054090423,-0.716324322643876,-0.157515164035791,-0.146286506732997,0.0842197115273568,0.0112286573027936,0.241734875563147,0.230506218260354,"Pdia3"
"Gstm1",9.99555441720927,4,0.0405026338663044,0.0314248788307125,0.687892476170477,0.122707309220061,1.11961608436756,0.656467597339765,0.0912824303893487,1.08819120553685,-0.565185166950416,0.431723608197084,0.9969087751475,"Gstm1"
