"","waldStat","df","pvalue","logFClineage1","logFClineage2","logFClineage3","logFClineage4","logFClineage5","feature_id"
"Prtn3",866.069409169234,5,0,-0.430021955590143,-0.164928909317089,-0.484181142810102,-0.398752358440298,-0.284154906919068,"Prtn3"
"Mpo",857.703139830589,5,0,-0.319686149786954,-0.13672279711049,-0.515592956656095,-0.432922124511881,-0.332374307773949,"Mpo"
"H2afy",646.298621860634,5,0,0.102838036192839,-0.134819046219775,-0.511198037457406,-0.530276658685293,-0.258054956281482,"H2afy"
"Ctsg",614.287463983342,5,0,-0.348394645564507,-0.100467048096177,-0.496693257694186,-0.362960743956942,-0.299654196624106,"Ctsg"
"Eef1a1",490.611817300397,5,0,0.550682678777193,0.375400293134065,0.137065871437495,-0.0689685109916133,0.498760068408539,"Eef1a1"
"Tubb5",477.67416089424,5,0,-0.0839050025166305,-0.280414828923215,-0.535083921308524,-0.342069248745674,-0.264356294268277,"Tubb5"
"Ube2c",441.113741178754,5,0,-0.580677686664062,-0.571084751710036,-0.96803273396297,-0.57961697735278,-0.662478663600423,"Ube2c"
"H2afx",438.234485815589,5,0,-0.288629770444904,-0.517340200533728,-0.696492971972726,-0.475019328818484,-0.454020263249961,"H2afx"
"Rpl23",437.992055091208,5,0,0.538810962945685,0.526497034276558,0.418237869609323,0.15144333435564,0.620426908552404,"Rpl23"
"Lgals1",392.113980028999,5,0,-0.19502907973731,-0.391179912458744,-0.409089901618243,-0.414864339575267,-0.423119419891368,"Lgals1"
"Car2",389.464494442294,5,0,0.19311895346844,0.821724087344627,0.735612701379303,0.723821531475308,0.875907907056031,"Car2"
"Hp",386.867431326112,5,0,-0.787984556932748,-0.0445740329744538,-0.346617207338087,-0.112309377549239,-0.071313117431192,"Hp"
"Pkm2",384.303321911654,5,0,-0.234341866319195,-0.1851245877693,-0.418110021293273,-0.296302476366502,-0.338191590692968,"Pkm2"
"Calr",376.815453039351,5,0,-0.208520030706418,-0.0694619808952205,-0.284265167062407,-0.268895104266615,-0.0848173332844525,"Calr"
"Elane",369.800569353319,5,0,-0.642621740667374,0.26415816074869,-0.0271305450036128,-0.101572070541053,0.0298673937437592,"Elane"
"Cenp-a;Cenpa",362.284705111207,5,0,-0.443536642093593,-0.431879542726384,-0.546724016460622,-0.441007555013392,-0.547750506472278,"Cenp-a;Cenpa"
"Coro1a",348.932502880097,5,0,-0.139509628701204,-0.116168539627481,-0.370577970196102,-0.271965271662848,-0.327141779516205,"Coro1a"
"Cst3",342.846559454875,5,0,-0.0607241662745848,-0.23322200788343,-0.421648709931416,-0.416186717636985,-0.215036298682721,"Cst3"
"Cdca3",331.122887503724,5,0,-0.376040199717889,-0.411025220173995,-0.80286893694807,-0.389098407541241,-0.537033071508469,"Cdca3"
"AK156292;V00821;AI324046;Ighg1;AK135975;Igh;Ighg;J00476;Igh-A (1g2);Gm16844;AK036494;M34473;abParts;M13680;M12570;V00757;M36767;X73024",330.855976570251,5,0,-0.0411712178303962,-0.417757696191157,-0.725467184278844,-0.549272998105547,-0.854425188358268,"AK156292;V00821;AI324046;Ighg1;AK135975;Igh;Ighg;J00476;Igh-A (1g2);Gm16844;AK036494;M34473;abParts;M13680;M12570;V00757;M36767;X73024"
"Tuba1c",323.566965101565,5,0,-0.366739738540523,-0.465205088746129,-0.773747137680588,-0.483624804685895,-0.520421855940875,"Tuba1c"
"Irf8",315.407028130668,5,0,-0.160386462863909,-0.717197038074953,-0.744853066367475,-0.556179469466306,-0.826119055425729,"Irf8"
"Hmgb2",308.816040104945,5,0,-0.280016922131217,-0.356563926719615,-0.599758414131222,-0.290976095086841,-0.286153636854509,"Hmgb2"
"H2-Aa",294.814383796931,5,0,1.07970058472923,-0.586841334567949,-0.699255893703752,-0.644474680147468,-1.02057511818563,"H2-Aa"
"Birc5",287.04473700862,5,0,-0.32222733838673,-0.533545507355821,-0.703269751956128,-0.235340429774553,-0.611965286669435,"Birc5"
"Ly6c2",283.276019020143,5,0,-0.866274133829982,0.282985803155317,0.0168716311825541,-0.0545375125359514,0.283994636192569,"Ly6c2"
"Emb",282.107128935356,5,0,-0.125099282030527,-0.515824884454474,-0.622955690408021,-0.532230553915418,-0.602223763041306,"Emb"
"Rpl30",269.534929748901,5,0,0.427350813514262,0.5192875185958,0.313010616950454,0.0500698426267825,0.451876423659824,"Rpl30"
"Apoe",265.396988673957,5,0,0.329303671512509,0.538323679155792,0.661847387265657,0.522704876264854,0.833934480222083,"Apoe"
"Cd74",262.325479274675,5,0,0.955202666699471,-0.492947445321722,-0.411236676894704,-0.406349956543129,-1.12948367481058,"Cd74"
"Car1",231.602954393973,5,0,0.16499922924204,0.314554977746779,1.13817574554658,0.877326303971222,1.79714342383757,"Car1"
"Tmsb10",227.149730746707,5,0,0.0170725788241857,-0.247617005425096,-0.325892129663932,-0.453766020201172,-0.306784745416503,"Tmsb10"
"Cdk1",222.616495570587,5,0,-0.266331555851363,-0.475166488151641,-0.653749880805489,-0.345510778496212,-0.445517797885248,"Cdk1"
"Alas1",218.802720040986,5,0,-0.38179415028503,-0.171992823851057,-0.32415718150369,-0.286134117121464,-0.247023873411512,"Alas1"
"Gstm1",217.310194499915,5,0,-0.559446630170522,0.0942031007929021,-0.00407122880339342,-0.114080713723427,0.0222541275489121,"Gstm1"
"H2-Ab1",200.718794420132,5,0,0.802965747745588,-0.512420101992761,-0.306024033473896,-0.466525877563745,-0.550194717971562,"H2-Ab1"
"Vim",193.07103007201,5,0,-0.0720379947119052,-0.345772219998489,-0.461023912859101,-0.236217117297925,-0.0395744189118546,"Vim"
"Lgals9",191.499865368382,5,0,0.459957754013807,0.410182877822567,0.160655460003722,0.14098043910219,0.421331624727533,"Lgals9"
"Ccnb2",190.225153826426,5,0,-0.337972055482832,-0.28233864079773,-0.798934054693803,-0.168195233416196,-0.343170138926699,"Ccnb2"
"Uqcrh",190.199885760185,5,0,0.43423854543404,0.642374931624779,0.404674100190973,0.290206302659327,0.42761494532522,"Uqcrh"
"Cct2",189.153664325248,5,0,0.391114844906854,0.470653560397715,0.228969013775732,0.0728938454653999,0.331621838224682,"Cct2"
"Tyrobp",187.032801825049,5,0,-0.186158018519544,-0.151058249186514,-0.327743371008323,-0.326966292091381,-0.446362029729341,"Tyrobp"
"Nedd4",184.372149355142,5,0,0.42739159021952,0.645589555067116,0.334098314883129,0.199539826410552,0.474634600984272,"Nedd4"
"Arl6ip1",182.788613096577,5,0,-0.162859575086604,-0.345127898524884,-0.568062107123487,-0.47398023295983,-0.518812169923422,"Arl6ip1"
"Lsp1",181.752140692992,5,0,0.40203544189366,-0.0716269118566754,-0.341860225783138,-0.374573312762652,-0.523946039545064,"Lsp1"
"Prdx5",177.780910094112,5,0,-0.389379245020299,-0.165478635547811,-0.155627720261753,-0.277982706403726,-0.109052292842554,"Prdx5"
"Cd52",176.228423585477,5,0,-0.033507698874355,0.00871906206618841,-0.402981288369833,-0.329210137331077,-0.504173867242639,"Cd52"
"Pabpc1;Pabpc2",175.799862455543,5,0,0.247359116464047,0.10679366703033,-0.0817450157443385,-0.203982455199092,0.0908037218569066,"Pabpc1;Pabpc2"
"Dctn5;Plk1",168.751849610528,5,0,-0.245842358917248,-0.270760632638771,-0.51153179542459,-0.362727820107991,-0.538599989517373,"Dctn5;Plk1"
"Cd34",166.761238284124,5,0,0.114311655974659,-0.328500697232084,-0.507233219811101,-0.45545939860385,-0.441523486768999,"Cd34"
"Csda",163.060598256607,5,0,-0.0814076784680812,-0.240784974663123,-0.174674998373545,-0.26010675247086,-0.105264589776226,"Csda"
"C3",162.96418890107,5,0,-1.28995038859176,0.345661724954969,-0.414653987948065,0.00600728118839838,0.0760059505757643,"C3"
"Srgn",158.173345783612,5,0,-0.151050084310187,0.253654203832072,-0.0105552873196495,0.0751020233605616,0.264862444774175,"Srgn"
"Ifitm1",153.268160636584,5,0,0.37460715262503,0.65609902132751,0.255629909853246,0.267456985327337,0.915865464128662,"Ifitm1"
"Hsp90aa1",153.221345518927,5,0,0.473145428729894,0.542592468471165,0.248480372263114,0.0426564432908363,0.525304540481238,"Hsp90aa1"
"Pgd",152.041166355274,5,0,-0.374998114545601,-0.0430041739456236,-0.100186175584747,-0.244502636354041,-0.117250539429309,"Pgd"
"Rpl22",151.166252668359,5,0,0.213878603752916,0.415672991327033,0.0190511559679797,-0.17022622347583,0.6129477742999,"Rpl22"
"H2-Eb1",150.754607373729,5,0,1.56918449528409,-0.494672511487201,-0.526691065817933,-0.41345448045304,-1.01107514057497,"H2-Eb1"
"Mt1",150.160378418592,5,0,-0.452166028939523,-0.0225063385090745,0.141819336637195,0.00903551727478704,0.380550646185936,"Mt1"
"Gpr56",147.655357919608,5,0,0.319354228313962,0.19691631266925,-0.031642258532365,-0.0194312548794186,0.177316804805735,"Gpr56"
"Napsa",142.365016266483,5,0,-0.165988326783915,-0.131577028275712,-0.342670953297523,-0.389725686287099,-0.177673617582718,"Napsa"
"Rps11",139.104589023306,5,0,0.264686920025899,0.214616786294444,-0.137763817972308,-0.244621432023289,0.136133547618694,"Rps11"
"H2-DMa",137.770595267483,5,0,0.0685502745835051,-0.369454318424387,-0.431760850174722,-0.333014068481757,-0.269289638407855,"H2-DMa"
"Vamp5",137.316043987539,5,0,0.0431929396199052,0.200509155477541,0.594618464740138,0.414748827800137,0.778791952546341,"Vamp5"
"Lcn2",136.620422780928,5,0,-2.30891049593431,0.949873960455623,0.499352049575337,-0.749267033071147,0.746672826494076,"Lcn2"
"Ncl",134.651214337234,5,0,0.020201733287266,-0.180358609460428,-0.152775673424739,-0.20186726685499,-0.046869164811531,"Ncl"
"Phb2",133.612840400652,5,0,-0.0881336909913122,-0.197649631516928,-0.233133560260503,-0.225304916265005,-0.218202459607721,"Phb2"
"Tk1",131.82437575195,5,0,-0.10278835613074,-0.303195884044353,-0.515536263126005,-0.366111891858566,-0.461840827405245,"Tk1"
"Paics",128.10059814599,5,0,0.60358922173619,0.145785377627092,0.143069956225508,-0.185984836100936,0.267836488996721,"Paics"
"Fth1",123.519841075587,5,0,-0.00676443166623621,-0.155321680360893,-0.189480309327944,-0.172641043320778,-0.128708118767095,"Fth1"
"Slpi",119.223632086498,5,0,-0.365936377699922,-0.383113408122659,-0.421555108850987,-0.484363032663828,-0.325644755597894,"Slpi"
"Gm2a",114.083768914163,5,0,-0.0512256523830492,-0.132326292446382,-0.478396540128796,-0.333007887933518,-0.104408635875744,"Gm2a"
"Sub1",113.286517316593,5,0,0.517183831686907,0.636785201291236,0.394686326524233,0.197387132452815,0.148820364534985,"Sub1"
"Dut;Dutp",113.23539207494,5,0,0.0308335629434118,-0.221454319529484,-0.270181307571187,-0.365934695076963,-0.156048630235014,"Dut;Dutp"
"Atpif1",111.213357168288,5,0,-0.110318656445406,-0.147971162206218,-0.0883166880336372,-0.1074259656526,0.0500444542034688,"Atpif1"
"Lcp1",107.809635822587,5,0,0.134105646884828,-0.124772678702145,-0.40560202593918,-0.424974405131415,-0.305644020722009,"Lcp1"
"1110034A24Rik;Rpl36al",103.731498022913,5,0,0.358236458932078,0.36540780785889,0.167764446696986,-0.0493413360491517,0.218195764147484,"1110034A24Rik;Rpl36al"
"Chi3l3",99.4422776458986,5,0,-0.910194003817536,0.89717858604377,0.65387766883226,0.843632308007721,1.74289288751167,"Chi3l3"
"Zfpm1",98.6419287156976,5,0,0.218541242584676,0.306440955886659,0.418508258308314,0.428906446277344,0.812226345235716,"Zfpm1"
"Top2a",98.6322706487319,5,0,-0.0576123410408486,-0.0139556830049414,-0.679307970659111,-0.192703851978993,-0.39607609129259,"Top2a"
"Arhgdib",92.3152440406126,5,0,-0.107059627203745,-0.0465160341584118,-0.20886152135491,-0.252841192596703,-0.0554441369078612,"Arhgdib"
"S100a9",92.026374852662,5,0,-1.22490621341501,0.914800370971454,0.619341745200287,0.599626190467698,0.915615759270744,"S100a9"
"Anxa2",90.0109433491126,5,0,-0.100400078220868,-0.0542196797269602,-0.378916480922497,-0.301365594406,-0.531456955821503,"Anxa2"
"Fcgr3",87.8254676671181,5,0,-0.611329135257364,1.37275059525399,0.496786693305781,0.383298269795606,0.719907725820589,"Fcgr3"
"Malat1",87.658887497482,5,0,0.221051173247764,0.318781505272946,0.302321483112448,0.185599229782755,0.428987819922585,"Malat1"
"Igfbp4",87.5302529935397,5,0,-0.0533935893376706,-0.127010810254083,-0.240688212411659,-0.284460525601161,-0.110810739110678,"Igfbp4"
"Aqp1",83.7693494346845,5,1.11022302462516e-16,0.0362283669098004,0.0851385438880667,1.24970687792797,0.757702047014155,1.24985176078749,"Aqp1"
"Psap",83.5695031359206,5,1.11022302462516e-16,-0.00214173683407926,-0.259468707438437,-0.415036418029375,-0.284095534459688,-0.409956543749599,"Psap"
"Hspa5",83.2759250287619,5,2.22044604925031e-16,-0.171423374197605,-0.184880292857219,-0.293881278638094,-0.151947479998299,-0.176130812834653,"Hspa5"
"Hist1h2ae",82.301577908626,5,2.22044604925031e-16,-0.201758829980509,-0.127141978062107,-0.686877413479179,0.103425150317622,-0.325905166235591,"Hist1h2ae"
"Nrgn",79.9106087670523,5,8.88178419700125e-16,0.398463653931005,0.243230620627158,-0.0167561024626074,-0.102748056095711,0.0846644780873192,"Nrgn"
"Gfi1b",78.672651530296,5,1.55431223447522e-15,0.227223052247258,0.588487376077211,0.848341117798672,0.808148668529349,0.79127000601412,"Gfi1b"
"Cct5",78.4822311913082,5,1.77635683940025e-15,0.166692365209764,0.174263926895233,0.0533821964931368,-0.044108475446751,0.220257802396569,"Cct5"
"Cnn2",77.9013296046678,5,2.33146835171283e-15,-0.0500751887647731,-0.100559469200886,-0.251770876806993,-0.211864136508515,-0.335782234639696,"Cnn2"
"Hbb-b1",77.8845194451975,5,2.33146835171283e-15,0.45643292725816,1.13390313971967,0.969785482966433,0.817600313772739,0.98097530585897,"Hbb-b1"
"Crip1",77.7280567562313,5,2.55351295663786e-15,0.232353033605228,-0.0680215884947748,-0.200674796764469,-0.149614277759165,0.0753270659849766,"Crip1"
"AK152437",76.4709131329101,5,4.55191440096314e-15,0.295455261214892,0.265453422634188,0.0766238141497348,0.00922821903225931,0.705067784562991,"AK152437"
"Phf5a",73.9716868421082,5,1.52100554373646e-14,-0.101097199209458,-0.270594535872277,-0.220608719468314,-0.245742301841841,-0.175245034015393,"Phf5a"
"Cct6a",73.7759797877396,5,1.67643676718399e-14,0.20615025209669,0.105222824136693,-0.121018687882041,-0.10241051862505,-0.038215392338544,"Cct6a"
"Blvrb",73.588880451638,5,1.83186799063151e-14,-0.0462313592471424,0.0865760029424242,0.336228524303542,0.546237422837418,1.19130671163868,"Blvrb"
"C1qbp",72.7468791509377,5,2.74225087082414e-14,-0.0201389273704296,-0.220142112305426,-0.227442802032311,-0.199891512868845,-0.156573176908422,"C1qbp"
"Ifrd2",72.4709053100873,5,3.13082892944294e-14,-0.0985860748285155,-0.407083069606185,-0.227785547608356,-0.265940498206203,-0.0125955712030557,"Ifrd2"
"Cox6c",71.8682935618232,5,4.18554080283684e-14,0.34706430184528,0.881988164784829,0.14932553931433,-0.0432397646054512,0.597801401070956,"Cox6c"
"Gnl3",71.1578649095347,5,5.88418203051333e-14,0.382876888802552,0.349930953921457,0.29760661146941,0.212421955609161,0.266790345793337,"Gnl3"
"Mcm4",70.6573448573035,5,7.48290318597356e-14,0.391891162699229,0.0883351585665634,-0.092451372232756,-0.16542555042056,-0.0831706711160523,"Mcm4"
"Bclaf1;mKIAA0164",67.9654772865508,5,2.71449529520851e-13,0.457846307889635,0.290962216489671,0.288553637997326,0.218102606979856,0.176512934056477,"Bclaf1;mKIAA0164"
"AK217986",67.5738723025395,5,3.27404769961959e-13,0.534658084259226,0.590421752900452,0.672706045269867,0.207029355852252,0.833103549348901,"AK217986"
"1190002H23Rik",62.0253165958579,5,4.6331827263657e-12,-0.488599222806525,0.119613556887653,0.194354001232784,0.273386002850654,-0.102958118271464,"1190002H23Rik"
"Hist1h2be;Hist1h1e",59.0690772000101,5,1.89250837223653e-11,-0.131165827332992,-0.0264929856732905,-0.453892921044139,-0.00578288763204709,-0.0694846603506766,"Hist1h2be;Hist1h1e"
"Lgals3bp",56.6611729159925,5,5.93901594569957e-11,0.121428402768223,-0.125171574851343,-0.152167340648947,-0.283845638038826,-0.251750358582139,"Lgals3bp"
"Hsp90b1",55.2889891080362,5,1.13833609205471e-10,-0.120398837805716,0.106521297070646,-0.288504104268946,-0.180966761551525,-0.0525689118670361,"Hsp90b1"
"Cct3",54.717699434595,5,1.49210532818245e-10,0.17282831016887,0.0330362435871969,-0.0091839384469327,-0.0733921649565513,0.211400386184708,"Cct3"
"Klf1",54.7019596370453,5,1.50326862069505e-10,-0.0414862661521485,0.538062671878337,0.63438384721201,0.64019300292159,1.28181883481112,"Klf1"
"Ipo5",54.574784308173,5,1.59657953524572e-10,0.249349953960501,0.147589719672713,0.205323162262248,-0.045734425525566,0.0391341697091259,"Ipo5"
"Cad",53.2351141889485,5,3.00950153686586e-10,0.0328206335985502,-0.326339616392057,-0.154693364674023,-0.180742975682802,-0.22769159119169,"Cad"
"Slc29a1;Ent1",52.6376720813617,5,3.99160482444927e-10,0.0225959267929715,-0.252909377006148,-0.330235774281941,-0.224321550158552,-0.394081278179518,"Slc29a1;Ent1"
"Rps24",52.6301431223251,5,4.00583122228682e-10,0.269729685829903,0.0175738522075553,-0.168158060151861,-0.305493752618292,0.151416997788045,"Rps24"
"Nkg7",52.4078075040135,5,4.44956294032295e-10,-0.115277523214868,1.19550524807157,0.423568828915039,-0.0314637025067488,0.457834349593419,"Nkg7"
"Hemgn",51.9524468006442,5,5.51729439912663e-10,0.285610285863578,1.22613123010636,0.949997782659227,0.784246562053743,1.23956905369814,"Hemgn"
"Ifitm3",50.7950649203573,5,9.52645851093337e-10,0.265772842492914,0.0395144143110235,0.187559589938873,0.00555272992435454,0.30281227601439,"Ifitm3"
"SMC4;Smc4",50.6120516930653,5,1.03851260924159e-09,-0.0892640650752898,-0.249719468966339,-0.53232961256452,0.181063978927341,-0.168448159345336,"SMC4;Smc4"
"Fam107b",49.7822711845699,5,1.53549195580638e-09,0.107437684481976,-0.198432838028144,-0.301100102260103,-0.328822710966876,-0.198654976722029,"Fam107b"
"Isg20",48.0837767648154,5,3.41476913412464e-09,0.144529911773364,0.372837768654227,0.748469820555854,1.0047401033877,0.602401743588251,"Isg20"
"Glrx5",47.1605128385888,5,5.26907295572698e-09,-0.112602279279465,-0.271527287891365,-0.0729711307090813,-0.0724493667223256,0.0812001379788677,"Glrx5"
"Gata1",46.5632639082721,5,6.97379065606185e-09,-0.0756687249209467,0.724751419564322,0.918028175447186,1.26201133929863,0.901180530452874,"Gata1"
"Hist1h4d",45.2605473393572,5,1.2842561902815e-08,-0.0232339321637343,-0.167621360857919,-0.51767414816677,-0.183623229651423,-0.108091878911457,"Hist1h4d"
"Son;mKIAA1019",42.802215322561,5,4.0523318700636e-08,0.188521262860174,0.304218561797475,0.0101584723169461,-0.0485858181862942,0.214367962040678,"Son;mKIAA1019"
"Hspe1",42.498403310347,5,4.66926697306747e-08,-0.0245875801808842,-0.17638059051261,-0.206952800425596,-0.157365678575147,-0.121367869683584,"Hspe1"
"Pdia3",42.1979870368706,5,5.37124245081344e-08,-0.0970367736902708,-0.193282412961815,-0.219857165184472,-0.167768890444844,-0.201871843088115,"Pdia3"
"Mt2",42.1010133552611,5,5.61956732259006e-08,0.00300504636121919,0.358300364481374,0.709415394108739,0.550461397524968,0.694504928066578,"Mt2"
"Ifngr1",41.9507699338373,5,6.02707985741802e-08,-0.21358360044766,-0.147148787897854,0.186653025803124,-0.128728506547096,0.106280139432416,"Ifngr1"
"Hdgf",41.1624691603244,5,8.69973725281525e-08,-0.0508561727575219,-0.222302023109032,-0.149529389553888,-0.0688930265139269,-0.092117098398725,"Hdgf"
"Tnfaip2",40.4525874643049,5,1.21021727417236e-07,-0.156616022880689,0.0840019460154276,0.33509282975233,0.320688005239561,0.538589283861941,"Tnfaip2"
"Sun2",40.0823352460758,5,1.43734936397522e-07,-0.232636135756866,0.384190824757555,-0.0698331085043812,-0.143231649122874,-0.218913671454486,"Sun2"
"Nasp",39.8770027719114,5,1.58112751003081e-07,0.0900188868860059,-0.0169463131228585,-0.193312622886341,-0.260068839498949,-0.103928534472026,"Nasp"
"Fam132a",39.2875028839794,5,2.07850058275838e-07,-0.0166671265379736,0.232197798399906,0.311416465161283,0.389779471109638,0.330243509697611,"Fam132a"
"Eif4ebp1",39.2031932369757,5,2.16136281094848e-07,-0.126881215283848,-0.0952887157666883,-0.170157422691211,-0.131688706343627,-0.147672839350726,"Eif4ebp1"
"Cox6b2",39.0981904103433,5,2.26917716505959e-07,0.268589124819176,-0.00406673419581638,0.532000787080144,0.175850254553594,0.422733854598181,"Cox6b2"
"Atp1b2",39.0387955854357,5,2.33251678860569e-07,-0.268273395023413,0.0199428311086285,1.44205562012066,1.18935104523767,2.15741326944171,"Atp1b2"
"Tmem14c",38.6021655168869,5,2.85547163692002e-07,-0.1336460542285,-0.0996093869541885,-0.12212858843403,-0.0560924390502065,-0.101462944914185,"Tmem14c"
"Ddx39",37.9037457681265,5,3.9450099431626e-07,-0.05947316003374,-0.259855351972871,-0.32514919382998,-0.160420127278045,-0.0543126609109657,"Ddx39"
"Mki67",35.9206060951758,5,9.85182460500056e-07,0.244183446841406,-0.086617759048419,-0.582077153519251,0.0239880646410326,-0.234940474837164,"Mki67"
"Rgs10",35.2423901440772,5,1.34601234458298e-06,-0.0708171796852353,-0.228235669993843,-0.232576517076041,-0.281586705515562,-0.103213076045443,"Rgs10"
"Prdx6",34.2947476239327,5,2.07998675938459e-06,0.112846356176984,-0.0878499781233032,0.13321136497625,-0.11891942851871,0.127045691738894,"Prdx6"
"Abcb4",33.5957107023791,5,2.86552661021844e-06,-0.0374330321765632,0.383927708141121,0.867688512124733,0.654391076469316,0.969727591399972,"Abcb4"
"Necap2",33.1551772071086,5,3.50562242334984e-06,-0.126006776544173,-0.25508431669832,-0.0752869740996042,0.0495308705668246,-0.0910350216147744,"Necap2"
"Hspa9",33.085180947339,5,3.6196645646358e-06,0.0995547401112394,-0.142066386334906,-0.464735624854701,0.219395709324115,0.129478493268756,"Hspa9"
"Lyar",32.6368481450979,5,4.4428120917761e-06,-0.0231609922982807,-0.215959695341555,-0.213409857423029,-0.189596049400423,0.0762076156924272,"Lyar"
"Hspd1",32.1803602202721,5,5.47210786328023e-06,0.0631782060278027,-0.23920010607242,-0.0967876695518273,-0.232196922684304,-0.0647739685572523,"Hspd1"
"Eif4g1",31.6057403540309,5,7.11059136093706e-06,-0.0200510127737397,-0.154707334033477,-0.183778890008225,-0.194663820711006,-0.114214940640604,"Eif4g1"
"Atpase6",31.4164215223528,5,7.7507167387525e-06,0.120097758422652,-0.184534951587329,-0.0824552050767874,-0.182022451773346,-0.0219868078097091,"Atpase6"
"Hnrnpab",30.8770364681502,5,9.90571172221344e-06,0.0343632350754645,-0.186692661398068,-0.164791965006529,-0.157107822314661,-0.0695862598931653,"Hnrnpab"
"Ctse",30.3574814404081,5,1.25414471430219e-05,0.173272898297356,0.056818011825625,0.697036495651203,0.926612705041567,0.727659625709266,"Ctse"
"Mat2a",30.304157246023,5,1.28485585532134e-05,0.148212592580477,0.0224817366524162,-0.0439530401580825,0.0423865407674107,0.112344882489428,"Mat2a"
"B2m;BC002288",30.021265425842,5,1.4607115331744e-05,0.153345395186576,-0.0442064072925924,-0.237440065230575,-0.234434327408806,-0.122123090353985,"B2m;BC002288"
"Rsl1d1",29.8069593595309,5,1.60966042113131e-05,0.164756865734099,0.0466100826911354,-0.144397131360071,-0.13404174245177,-0.0806072035938225,"Rsl1d1"
"Smc1a",29.5350072476702,5,1.82055966403416e-05,0.14026875755494,0.0162355744282637,-0.259653724934959,-0.142107055510661,-0.197411521565621,"Smc1a"
"Txnl1",29.2626928545638,5,2.05920001564719e-05,-0.0233353058653335,-0.18552160014078,-0.252455873562043,-0.0657538610379962,-0.0813127339384311,"Txnl1"
"Hist1h1b",29.2387353860333,5,2.08162461297068e-05,-0.093277116861696,-0.102998495255579,-0.338323979793875,-0.0151700669378778,0.0303282339333337,"Hist1h1b"
"Pf4",28.9999877224085,5,2.31877143999082e-05,-0.0542250993939625,2.69777680126718,0.220355152752881,0.995945820399626,0.578532567479982,"Pf4"
"Tmsb4x",28.950511140196,5,2.37117280836863e-05,0.208624732112815,0.1074282075034,-0.13040623262004,-0.335095385256609,-0.154531107079248,"Tmsb4x"
"Cox17",28.196812062994,5,3.33119549268401e-05,-0.149171192045399,-0.0686306971975167,-0.0674199797303996,-0.0835709003461021,0.0818819380304385,"Cox17"
"Plbd1",27.8232971407692,5,3.9410972219045e-05,0.481564525459322,-0.53701620798724,0.0654555631658989,-0.231090864768171,-0.672428117658331,"Plbd1"
"AK031561;Set",27.3608951486583,5,4.85142641021286e-05,0.144690924971311,-0.0103877483111035,-0.143866801148286,-0.0912242014270714,-0.187938472669826,"AK031561;Set"
"Itgb1",27.3407695502231,5,4.89546537388863e-05,0.175284037675495,0.168495991210223,-0.0727276029552722,-0.163176166428644,-0.135029334296806,"Itgb1"
"Rpia",27.2269280583342,5,5.15213904477285e-05,-0.194258581176669,0.196310698505561,-0.0536559107893717,0.154363550776841,0.151182325855678,"Rpia"
"Id2",27.1399501649156,5,5.35719496049802e-05,0.408604470747066,0.097622493759168,0.064566496772704,0.497177291779005,-0.582802769474526,"Id2"
"Prdx2",26.9749072798651,5,5.7687859038924e-05,0.0517795092228101,-0.134482658885961,-0.0965693809197158,-0.10502635219111,0.0434559916718973,"Prdx2"
"Gclm",26.7958699224318,5,6.25076947495806e-05,-0.00508936716787927,0.232465792154728,0.204384641632268,0.213776895744458,0.460089129763293,"Gclm"
"Urod",26.5097024117553,5,7.10531002118264e-05,-0.160429306486677,0.0518854959911615,0.0256126505792274,-0.0250036288243257,0.251945348831931,"Urod"
"Nolc1",25.2476271859094,5,0.000124800595452612,0.0247100704309309,-0.155780195100595,-0.112752582013815,-0.162617868278311,0.0598485360238227,"Nolc1"
"Serpina3f;Serpina3g",24.7680372429304,5,0.00015446165994748,0.158982424677562,0.290596505100069,-0.10068155263142,0.0491429284453365,0.124293658502272,"Serpina3f;Serpina3g"
"Nfe2l2",24.5025610653164,5,0.000173777189245494,0.180018618354072,0.0403316481829272,0.23335249399742,0.220916378767752,-0.00553704299705113,"Nfe2l2"
"MRPL33;Mrpl33",24.2749335191185,5,0.000192228472928657,0.00389381381824212,0.0266207033805055,-0.1770313991176,-0.404082560585218,-0.0389524858154758,"MRPL33;Mrpl33"
"Cldn13",23.8513592308288,5,0.000231866722321339,0.0196311961970308,0.684011272398419,1.17773451116653,3.32917350677789,2.13766459785362,"Cldn13"
"Hba-a2",23.8491713294616,5,0.000232091129676149,0.245620709294918,-0.52487823569504,0.508237551095955,1.66037895448167,2.60749692458898,"Hba-a2"
"Cpsf2",23.7868039125728,5,0.000238579074170575,0.10792571937894,0.344123806373705,0.210671628091597,0.0664710086544614,0.166748127759956,"Cpsf2"
"Idh3a",23.712070197601,5,0.000246589943522113,0.0385225444845681,-0.146346435562905,-0.176692458064977,-0.176690079311146,-0.118390388266919,"Idh3a"
"Ahctf1",23.6365307012937,5,0.000254957314300364,0.0956718428454071,0.11648504933125,0.0444749483257746,0.177898718227079,0.0480377066385762,"Ahctf1"
"E2f4",23.5439818961111,5,0.000265592097710265,-0.083594737075921,-0.110905685900596,-0.18634605467141,-0.201937282044768,-0.0961695359648738,"E2f4"
"Hist1h1d",23.2611286454011,5,0.000300887300858976,-0.0651718671262264,0.19581403273122,-0.469195666148064,-0.068531300619286,-0.147413960406818,"Hist1h1d"
"Sfxn1",22.52798031446,5,0.000415411227199902,-0.0400784111051571,-0.0136767628656088,-0.126388496079572,-0.282311834906564,-0.123842314245237,"Sfxn1"
"Hk1",22.3730608221708,5,0.000444635660616921,-0.0664469938602293,0.0838852098841998,0.137645304748291,-0.022088286063552,0.265145913289536,"Hk1"
"Cd24a",21.9792986667214,5,0.000528363990027758,0.133299152402795,-0.0780144104834039,-0.227046104672583,-0.113261326978509,-0.0867393559260315,"Cd24a"
"Kiaa0028;Lars2",21.8189772846733,5,0.000566749608410633,0.188851215428294,-0.0308866513044992,-0.0872711861075678,-0.320405299163621,0.0655407211479636,"Kiaa0028;Lars2"
"Dad1",21.614603799328,5,0.000619692007912898,0.145636566334275,0.29266212638514,0.102008081177072,-0.0378865759896888,0.203584992475931,"Dad1"
"Pnp",21.3699555254173,5,0.000689509199827909,0.0416936602984326,0.277366368435025,0.21504333662024,0.156683332099106,0.296000511226641,"Pnp"
"Chchd10",21.2768714013604,5,0.000718062581122614,-0.0416449577618562,-0.257615172395909,-0.293175299454494,-0.110200796278896,-0.0101991751590993,"Chchd10"
"Rexo2",21.2120928529765,5,0.000738617809902253,0.00639594250078786,-0.221034886425219,-0.164806268152369,-0.171661884890477,-0.0236560074368644,"Rexo2"
"Sphk1",21.0359664049471,5,0.000797482545813022,-0.101454372843073,0.156794017061691,0.723143134640425,0.554849990848486,0.825961238756126,"Sphk1"
"1100001G20Rik",21.0013991452391,5,0.000809566718789734,-0.670898846192551,1.31026062224732,8.60817133016998,0.0477454538347589,1.45249296503577,"1100001G20Rik"
"Nop58",20.9313807786903,5,0.000834599466640218,0.124406945498639,0.00589361790864437,0.0678030801312684,0.0252217844075846,0.0363940183963869,"Nop58"
"Rhd",20.8417478259939,5,0.000867760142103657,0.136442896342993,0.571258347877244,0.574723966381163,1.17826646375236,0.621145935144089,"Rhd"
"Ermap",19.9509089567543,5,0.00127651786411109,-0.0173132042891375,0.259249036854654,1.36006389936709,0.701044746926635,0.980749891572626,"Ermap"
"Canx",19.7961672190308,5,0.00136470425000501,0.00241552933127552,-0.180240800799938,-0.146403508950855,-0.134697912725398,-0.135488251643087,"Canx"
"Eprs",19.7842624798149,5,0.00137173164492288,0.16456616705875,0.0345044931173176,-0.0517799058230032,0.00682242239080601,0.07350806971941,"Eprs"
"Hars",19.3621602578194,5,0.00164525588323139,-0.00607599393686812,-0.191592385246182,-0.114725584963942,-0.182884299165067,-0.194251574468344,"Hars"
"Pdap1",19.17747941906,5,0.00178116431877662,-0.00483717102398321,-0.121730869362515,-0.170261319463622,-0.140900815686877,-0.0693030299622705,"Pdap1"
"2810417H13Rik",18.9254475947865,5,0.00198457004948571,0.177134200479774,-0.27441743421513,-0.385856295280413,-0.465100971585785,-0.357918461529983,"2810417H13Rik"
"Bat2d;Prrc2c;Bat2l2",18.4676801333123,5,0.00241392931095619,0.129438099296489,0.00719299349707854,-0.0503471853548709,-0.156228295977653,0.0430530574734269,"Bat2d;Prrc2c;Bat2l2"
"Supt16h",18.2630675131976,5,0.00263415086830965,0.177033254512249,0.106918224835442,0.0879957571968956,-0.0245870904604763,0.174412248376908,"Supt16h"
"Cpox",17.5976341753606,5,0.00349534461418988,0.0330581599673315,0.0173255340768972,0.30803082135859,0.435705933630467,0.349342894240365,"Cpox"
"Lyz1;Lyz2",17.515319346561,5,0.00361939637268294,0.185162641306759,0.347407236507643,-0.202824347456071,0.20008822159471,0.0455772197504198,"Lyz1;Lyz2"
"Cox7b",16.4812257193402,5,0.00559637663993329,0.0456271175302226,0.71639188227116,-0.128260982771981,-0.210814718172485,0.0345531111030263,"Cox7b"
"Eif4g2",15.8453559386417,5,0.00729974276518852,0.0435697262059025,-0.167708161141809,-0.162305524218018,-0.132889967462658,-0.0401709016304076,"Eif4g2"
"Mns1",15.2207591885061,5,0.0094595635161252,-0.129847555265368,-0.100502854458258,0.0177180979161615,0.216903642351879,0.130768630748451,"Mns1"
"Hist1h1a",14.385571987428,5,0.0133370955977924,0.0170416130752214,0.0822975618814751,-0.385051658584184,0.0890573267635716,-0.0940003293868473,"Hist1h1a"
"Cbx5",14.0237770311268,5,0.0154590845911895,0.155534314366398,-0.0323052799969035,0.10091901004361,0.175304742764996,0.00408849584031937,"Cbx5"
"Mthfd1",13.9790161016232,5,0.0157432594329335,0.033611784511948,-0.226834970399102,-0.0581034183798664,0.0801165262655693,0.0695674471868513,"Mthfd1"
"Gspt1",13.7651998048893,5,0.017171738618591,0.0815794534024408,-0.0851005023131993,-0.16145531817191,-0.107349832193868,0.02637307337035,"Gspt1"
"Kcnn4",13.6201249030497,5,0.0182112855643197,-0.0142776185334618,-0.078164280613448,-0.103109688400438,-0.176981525583342,0.0680723506239478,"Kcnn4"
"Nars",12.3478754885874,5,0.0303198035512855,-0.00592691128686181,-0.0800823602484914,-0.0951731173829388,-0.194351428855469,-0.202197813507299,"Nars"
"Eif3a;AK087340",11.4067667456601,5,0.0438855350344558,0.0818821132209116,0.0163896022110139,-0.126827713877333,-0.109811416797924,-0.0338831686904188,"Eif3a;AK087340"
"Ccdc23",11.3108929048897,5,0.0455526722788374,0.000408275412729835,-0.108449484227423,0.152450678290535,-0.166208603152902,0.0194562378874207,"Ccdc23"
"Ddx21",11.1525969379163,5,0.0484369865808002,0.0218910898174512,-0.0922370454899618,-0.124206775469247,-0.0405057178880232,0.0303897941188495,"Ddx21"
